,ZKLX,IPINF,WVAE,TZM,CMZ,LRP,JCWJ,BLOKH,RMD,DNZIO,GXT,WIWEF,WGP,GBPGI,RHW,YQDDU,YHOVK,WNE,AWEEG,OJSY
2024-01-02,858.4962099759836,436.6460348498135,13.243624064807927,710.4979816400155,294.63008683179424,56.666261001482695,917.9560800639451,230.467894478361,65.8503796448856,436.0177044452535,291.463519591903,563.4975264146793,109.9896000568189,968.0734688337196,895.1155078313417,435.278848682654,385.5961858510038,341.8482699089149,252.2552982594388,998.2052141612254
2024-01-03,874.9648237793506,444.5539368336438,13.401990557358662,729.6243546741327,299.1444994181103,55.58958203361258,912.7265801146442,227.18127241343848,64.54710670848677,430.30342723863095,289.0904673464526,563.3424613376321,109.49063399431611,960.1621822162228,884.9820473652949,432.76836062760765,385.2767113329842,344.33068359352905,252.74274486240742,990.0380753481561
2024-01-04,872.4943795498865,437.3103495256968,13.307657750196716,722.0811501553716,294.4668712534144,54.91193491621675,907.7697842749503,223.47511277088904,63.31486361653335,417.72862092556375,287.65806395580177,558.6022284834473,108.4005631021154,945.8393650090884,868.2620046767294,423.2731599868016,385.5435105661579,339.3741411857232,249.8530359161191,973.8703901048592
2024-01-05,881.6203998963832,439.66958421106307,13.417870348260875,724.9727479398049,293.0950199060337,55.12629641419158,914.9572585086901,224.03788106532775,63.915320628503835,413.6179182474658,289.750974089086,564.5202781277465,109.80987170551666,956.1326497774827,865.5448519565977,429.87993902984067,389.1177019238589,340.60375097423145,251.32924815686928,987.0369251151744
2024-01-08,898.4414509062535,439.76706473297054,13.639581016939768,730.875927405949,295.97343171498875,54.47341060146755,911.4462268150955,222.1824610910958,63.57503554523291,417.54205993186133,298.45712482629034,570.0389895189779,112.12202172062806,980.232436293303,888.0186445720643,442.39525007382207,389.1026104140541,348.47577201561944,254.58496278512632,991.0269763080039
2024-01-09,891.6910872174369,440.0261998679881,13.34213673194656,729.6081872577352,294.22522413135033,54.58473051951125,919.0048763709425,223.60007964567617,63.83085872808188,424.89750192654174,289.80681864339687,559.2990272945606,109.999085540666,955.1928439600774,869.3507814844504,442.73650433891146,393.7849462019387,349.90403351781936,253.6197434521403,996.4307855544079
2024-01-10,897.3234303408057,443.81496773637696,13.38729201905388,735.3240347148144,294.1673537572516,55.21868169027242,942.8223544544943,227.64241704447386,65.4298573998784,430.1500089328225,283.77114178540467,553.6104392376832,110.19975327500255,936.910604483973,852.7167047366257,437.76096779036016,390.7169006386625,348.97503571648735,252.1991295360921,988.5927183870353
2024-01-11,887.0832040725387,437.2850690293697,13.426498584204092,728.7151417140808,290.15133295407617,55.04943783764472,940.4436027362985,225.5538288940387,65.38247197293994,425.0935930767078,285.02054770285105,555.6751076787641,109.8918283748455,938.8863835504291,854.0140775558518,436.6947298592215,388.58388119307085,348.8692518194988,250.9851530999174,985.5021573101466
2024-01-12,882.1052346968628,434.3376069147289,13.206678938340385,724.733760929714,288.72896198316914,55.38789427193341,949.2348964647023,226.53097613054717,65.57996724923238,424.4949262611206,282.5039075468811,550.3084707266831,108.18085916741651,925.088547608204,839.2115245643495,429.933849414016,386.98768851111225,344.0336373546859,245.05072419401142,969.4040655640338
2024-01-15,874.5750195145922,433.52155318490554,13.050890222800485,716.1257607314826,289.8544050884409,55.04757567933036,929.8156663236305,225.53129035315905,65.16421520224124,425.93378912421167,279.6216445093076,547.1250516738329,107.30219306967444,919.3469116028999,841.1670077174166,427.14893921677117,379.69976731534575,338.82557121402306,241.1887690421858,949.4081411224156
2024-01-16,875.3546408433273,435.6429982460695,13.035801262569047,716.764989963252,289.4842984425384,55.51520188219724,941.9315329945521,227.3857484112259,65.80953271983863,428.31492078488446,282.40954132351226,552.2782620387926,108.60685490132666,931.5525826665063,848.138643472707,429.81117434506353,382.51357557998597,338.39919290706877,244.04307782182485,966.0190337367405
2024-01-17,866.0744136466086,433.4269490586331,12.991501500576817,722.1281662142428,291.2503728917266,55.20067372471814,928.5122048661052,228.34609311249173,65.21555275010834,429.99471027408106,285.1475193216348,550.5670440588748,107.81038974875865,952.1420217782479,856.3289739213251,433.4862055612023,382.7847542018653,340.4200400060289,249.08406062358443,967.486392436611
2024-01-18,881.2946475991971,436.80372560379226,13.149110827514145,728.9387752429175,295.8209746072886,56.06121867937705,938.3948267663247,232.0943942028412,65.91979014120975,433.75938604411726,289.29954608570574,552.7290898292313,107.7192388285654,961.1812996846329,859.5557407782355,438.08816173967836,390.68180342146877,341.95761583727614,253.35696322001638,989.1483902295026
2024-01-19,872.3631417720707,433.58748961373544,13.00831461593247,721.0165365037236,297.8328528538519,56.24175335807455,934.5971866451939,231.94470634218177,65.33832076823202,438.79061267059376,294.5103188497973,555.4826171733424,108.81790102411097,980.464823195796,883.7324178819241,438.3252721107317,390.04387754519723,338.9558717922688,253.43259271506076,980.8188533505731
2024-01-22,901.6524606969739,450.04241231183244,13.293362658011244,734.4693334131493,307.047905108396,58.156093519931126,968.4392226694603,236.68408695949674,67.27008415821317,451.08430069620357,295.7849231719846,565.0340413565356,109.07170259655499,976.0536538762199,890.7742099829148,451.5600391960702,401.54466981951737,347.7696706376324,257.33410565215553,1011.6498742282348
2024-01-23,912.6270088707264,454.03254874047457,13.424072787732422,751.1147084750575,306.23212439838494,57.63445923304694,969.9727609268718,235.54284572598266,67.01361541038331,449.4168924732783,294.4904241941676,567.2093680344366,107.55930364030264,972.590790184827,884.0081796675959,450.28970243828996,394.03422231185925,346.5761043905625,253.68547680633048,998.3481152933398
2024-01-24,907.6457268881308,453.7910789931448,13.432708230578314,750.6767871109832,303.8112314039671,57.94476880453539,973.4864512144816,237.73446195979304,68.40586458802565,455.86564939352894,297.0704583061733,571.0655752890211,109.02629323597913,996.7410969060376,903.1922601743426,457.3916902695088,393.27039387158777,349.5417661105934,256.0282011429467,1005.9733628920935
2024-01-25,923.2834797083825,450.9026946407031,13.48008028661218,752.4065035830284,302.61670596474465,57.338814902850885,978.3105776163292,234.0449092312621,67.35174956319025,453.0762630424101,295.4772496732377,566.7438353952028,107.40708693216502,982.6829776558479,899.0582262205706,461.1206638820358,399.0007755721037,352.1564741125186,255.6530536055602,1016.1783017529598
2024-01-26,895.8236234947811,442.0934692351691,12.991777468238396,729.1914971766129,294.4472271187777,56.57767511987258,973.450194798228,229.6228385993491,66.64855580942186,451.8815214568096,298.07086936696516,569.0313275923831,108.72932782240899,989.4556381005044,910.589647521148,455.18689146979574,396.96858537733084,348.40283403658907,254.53655511960454,1011.1472243256301
2024-01-29,895.3940223085596,439.724491690701,12.838265867763061,730.6969556849209,291.85706003011165,56.39787430510597,986.03952116767,229.04156321498144,66.07831318159839,452.2672661345416,298.1930986177749,574.0450655678234,109.45171464148449,990.0730075759022,917.6527994388044,451.2439101398453,398.3680573341874,346.34907614755826,253.647455488301,1013.6571703420105
2024-01-30,899.7425153706162,439.38197790688446,12.818142219937863,717.3685284025578,289.95546250017225,55.657836509038674,977.41568662459,223.3727453926698,65.86103629266363,445.8450144735094,294.47828734568776,568.4721576044641,109.96570974110224,986.775467188345,920.7381893787733,455.00612129693195,395.502906103453,346.9274593952763,253.9662300551954,1034.8243861493
2024-01-31,902.5392234737338,440.2445865791614,13.045314391370017,722.5233935849943,295.0222460292124,54.808151833788656,958.4609221462593,224.6701825888461,65.6891125887716,444.80815246592294,294.12588169590964,565.6005518906411,110.36825147202494,985.1152744454621,925.4190138178582,458.7258799254984,398.8770280097415,353.70276259735664,257.81463918405206,1036.45406863945
2024-02-01,906.3387012667179,441.0184245238071,13.167601137687473,732.6181826412973,298.54914676455604,55.55747388742383,965.5854449742799,226.58591213260559,66.03979465540718,450.25104049927575,295.568180021437,564.7207607961222,110.55474426899299,1001.987116781266,943.2064014603012,457.0723703149242,405.02829207436696,351.67805350063986,255.47315762999025,1035.4171395618964
2024-02-02,895.1407486346835,433.89152915943987,12.892458418128857,721.1282087125916,291.93900027953464,55.759508563311634,972.5711709309987,226.12718911567103,66.22908354483212,455.2424015016636,289.4425129721084,556.7310140718591,109.16147774477884,983.3057457137384,928.0635157761814,455.58903006950277,400.2967581238566,346.5274841798664,250.41873631189398,1025.4792918728883
2024-02-05,893.9247181883732,433.1905170256655,12.750491227431311,722.0346799701043,292.93831839528866,56.81183863602809,983.3449973781527,232.18280103045737,66.96404032700234,468.40047064836506,297.7804967744487,570.1438561958523,110.40228824191168,1000.1124214826069,950.4934350959736,453.3541514909015,399.2849949315085,341.3708319224937,248.04436256500395,1017.4393840210719
2024-02-06,890.0741045439554,439.4050869180414,12.745214737674457,717.4142983750613,296.6154680730478,57.3080846850106,983.7098579457661,231.8595703089377,67.93052830255748,479.39910479301415,293.4825150642551,561.1712186500058,108.68665820201858,992.7865432946356,958.9009388087234,454.90696059900864,396.0208453706659,338.3477996604957,244.16431599583584,1017.7898073766506
2024-02-07,872.5287745255113,429.58476000862925,12.472088034924163,703.1010162317442,291.5644056912616,55.82873894346943,971.9862408412911,226.19051743256009,66.15588183940768,477.54510382140614,288.1753271106258,545.2055319371391,107.51678565457499,976.0870592121444,945.368231003918,452.7317814157094,388.92492230979144,336.7053160827292,244.18603092158116,999.3060687827099
2024-02-08,872.3272451907409,425.8801922659824,12.62967629535501,696.3143839757348,291.12958978373695,54.694535647458736,965.7273715480825,223.99354694908553,66.20864882982313,470.8283673233759,290.2340058086831,538.6473893873032,107.57631862388509,978.4378961864314,952.1505010306192,457.3688333635035,392.2418004236974,340.5397581244733,247.14105967150658,1022.2007159832203
2024-02-09,874.3871549658145,430.023343593163,12.879120449621022,702.0895151104828,295.87616755825275,54.23770348322174,949.2582361150604,222.02942558748254,65.61548646570336,466.5056467850165,293.2032597068508,540.8642027881396,110.28653198018722,997.542009451573,979.2281324719645,449.4433736149904,390.2123722508429,339.02355635975783,246.0484714270347,1011.258501855646
2024-02-12,892.4258136546179,432.1750567990923,13.220896913868016,710.4133823316917,298.4299662981741,54.53219000616717,944.2429089354703,222.56647138147116,65.94747161511854,463.1876972502666,293.09991480643043,530.0567070193547,109.24686785063594,1003.8958004915104,976.1251863544763,444.4843953585485,379.9381147242208,330.35902500016635,240.0596325658352,998.3515650564027
2024-02-13,902.8345775930618,435.2789990779552,13.280816880950054,722.486604822173,299.17217617803897,54.795513264092115,943.6377842792266,221.09184342216446,65.42195854126763,459.9647983664943,293.05852516259944,540.4178457619814,111.67477248357775,1022.2728693992956,990.1057997445739,440.9751208643779,381.0968653822179,329.483843070967,238.49906334440666,987.3879971462329
2024-02-14,894.6478816688041,428.1274457396403,13.238951347276622,714.2587201730344,296.9068188047959,55.15798423424359,933.3008308072026,222.39472640153474,65.43688784831807,458.97755579447977,289.099597361293,526.9135886591814,108.82413474826174,1007.4375088255424,964.9819873938028,446.55259028483135,383.77611432574406,330.80035192702576,238.24472655315418,1003.6457963812245
2024-02-15,886.5429684947137,425.4803973052889,13.00214954970084,705.1893662258772,294.29332075745396,55.08216573345832,940.3458680543422,222.9561479542709,65.09785282305702,460.4180323163431,293.7921925681067,535.1825115500578,109.88315670688667,1010.3152984275041,972.9393787685593,445.7993340493718,385.14364801805965,327.48747722971905,238.50937897543898,1003.9007144101209
2024-02-16,888.039584170789,430.1727086036922,13.205970390214572,706.425985638324,295.8320942677009,55.67293649114043,945.1269637377233,222.09678627554166,65.86590317756617,457.6251117570204,295.29461760544814,534.2715845975897,111.37376634788478,1021.4365956323902,970.710212198746,445.9625449216942,380.3505842263081,329.2818989514998,240.15243579040785,1012.8000540089499
2024-02-19,891.1877124009552,430.3219277523531,13.32074700291635,715.6580196299726,297.4190764167234,56.09701832405052,954.3360141952927,225.12313026088987,66.17304151154904,465.693230461929,296.57299972199354,537.4232727260079,112.09936952550397,1025.9490163704877,976.7443037460508,446.7210765966962,375.7186974736653,331.4539896915474,241.6637029777814,1000.381261320113
2024-02-20,887.9450776523524,430.44380800075714,13.35440031547701,712.7745637485164,300.0532106080469,54.98515001599437,942.3177542634504,222.70373232791087,65.30035231803495,462.9196686033262,298.4605401187537,532.5112378547557,111.81262235060177,1017.092092563001,971.6384196086781,449.646948834644,383.1339045862724,338.5542871910817,246.96666627731207,1013.491561333599
2024-02-21,884.8139062022814,431.19774037246617,13.156611431532136,708.4286378629274,302.0634751854576,55.006156280397924,932.4506154667514,221.53331292129656,64.47263260192909,457.50199100807237,298.2367656048379,535.141919669472,112.26923571539928,1016.8514653565102,963.3430715979503,442.842982260882,380.4973751616696,334.8125967065322,247.04576235063834,1000.6978104866104
2024-02-22,891.3033161598684,437.4967372594214,13.107751834477554,705.7090073320375,303.7401966269655,54.16496812320026,923.0209172050764,218.55573451220866,64.10899143001392,450.8022105682486,303.35166476781427,545.1871367560186,112.58536611260966,1009.8798174453404,962.3276260111606,437.0068283016106,375.7983749238526,334.48272735773486,245.40461837304585,993.7584649708315
2024-02-23,871.493603052165,431.8100336533807,12.962983423533142,707.132943881629,299.69369541321487,53.895329898952895,929.7777217906643,222.43068481843528,64.8532250761697,452.9323003405799,306.25532165312524,551.0736459902572,111.47366077916416,1005.703519864363,958.8346888065413,435.5418774323273,380.9757554748536,338.996772149041,245.98811437625943,996.6585525155041
2024-02-26,887.7810884494992,432.43430672424313,13.203438566336553,720.6838088373139,299.85424045747436,53.85158818410753,937.2352243559969,226.47238560059822,66.0222088359929,457.206936039733,307.36813911129263,548.4867364034867,112.19498855780014,1021.5426311113739,961.5706037131868,450.042618483232,387.5915362595568,345.5138722862057,249.4793205158558,1025.631482682777
2024-02-27,885.6317415067399,430.8429055971958,13.136991575949235,718.4793417174805,300.26692432268175,52.467434904650354,909.8965662304031,222.41760984276266,64.02241556759299,444.1168448835862,310.7059362089942,549.9669829953627,111.50576811561196,1020.7274378419379,950.4936010436646,444.4543553438058,383.98838591435054,342.53892947504653,251.20466924084135,1010.7823069897114
2024-02-28,897.7590271473781,430.2346358066925,13.016208616692202,717.516240924707,300.58746594534654,52.58231560379741,895.4402635988861,224.07042611841226,63.465900175828544,442.75612204509457,310.77003893795535,548.3491731284187,109.70891593130096,1016.4417852756936,933.9494923697818,450.0197265103133,389.0202389898548,339.1031683671483,251.20117898071686,1012.0737618705094
2024-02-29,884.0906589281456,429.18738737578576,12.812011301918432,706.9328744606831,301.3048287574972,52.589956177150704,875.4378904352209,224.5937504273556,63.059938042080574,444.9916536523152,312.2678132730991,549.187262475396,109.62704105151018,1021.6812885786824,941.9385936235219,447.04262710556355,385.8921663659029,334.96890808515843,250.81705346162732,1004.7867826879162
2024-03-01,877.0660428683243,427.79123257529517,12.79431404689205,707.1131281910497,300.17127584585995,51.818629339400445,864.7237069138406,220.5376027238901,62.10075121288466,437.5870808662441,306.83292905477765,539.6988756650056,109.07169173595959,1016.5946536154502,936.8244662377492,441.68329258842624,387.887614168252,335.0814828036187,250.23445721765185,1003.8760692940559
2024-03-04,882.0156950317121,434.26486372750895,12.919865068364295,718.5829260909995,302.62475397023303,52.84132089100128,866.5390157825999,220.96184729335718,62.51904851755622,442.48516453460667,308.73201686699485,537.8340144393554,108.5971436360194,1038.3266795868087,942.824157474305,441.49606674329146,388.9206171179978,331.29150974434583,248.9649745018778,1007.4350639490166
2024-03-05,869.7000380964635,430.94997091571014,12.819212169192737,710.882674442298,303.3971151346126,52.81873839587411,846.7813224458953,216.91746432316495,61.257721560325884,438.56160139463645,301.0749322745764,528.5762956185753,107.20132811876616,1031.086749194531,945.4526168574484,433.0751439101649,385.2952946008906,326.4377624931803,245.18758184469718,998.405477953154
2024-03-06,890.0462237031531,435.6294401103231,13.048579772540279,725.7122620292774,305.4119509999275,53.01466067697242,855.996116751041,217.77396564568917,61.5727987917749,440.66514351423194,304.47704434993705,539.9821531690402,110.60933586899827,1054.950436110081,963.809771351057,437.93526020270656,382.69007920130474,330.10333739714434,247.81933231116787,1001.5388109386342
2024-03-07,911.0370411344363,436.49098403713435,13.404157185470591,730.893069924247,308.8687562115203,54.11206156451709,871.6776358778062,222.1881877265511,63.1314323577534,445.2010953922075,304.79958240232077,540.6609783056948,110.62233824560035,1046.867531372532,956.6701635685748,442.02913806488243,384.05816332472233,333.5315938112571,250.60976275882203,1005.7438414411189
2024-03-08,904.0394735687155,438.3600188955695,13.418552034787396,725.9603093410341,307.8160294534435,55.509228469373355,895.3308416034481,229.4428171014911,65.60670648262321,451.6321302281803,300.7295602687716,540.7653510899278,111.64150609046521,1025.8512503505735,938.6845056204515,437.5397082552061,383.63888974537474,336.56152156028026,254.25733726659604,1016.3132117744169
2024-03-11,925.5423844477997,447.0184452178548,13.889289017150972,744.5497356656816,312.57524453414663,56.646435379345306,918.9166241023844,232.55253622782695,67.3982875630822,457.84662764498756,305.4702457393946,551.544209579236,113.64613462005369,1037.9136509691673,952.9189704831869,441.6195325655603,387.55655493798264,344.21486357164525,255.84279046013117,1032.7154623210695
2024-03-12,946.5047451198686,444.88192195526443,14.036286620162436,742.4698157684479,307.93283389571315,56.69106979277616,936.4547168508221,232.5475102366957,67.70361818016714,455.5438686936312,311.8014538128147,557.7895002451302,115.74052124588152,1044.9464366156799,958.5555119245936,447.0013760448004,391.7081373987217,344.0320227836488,257.47294631954276,1042.7609777370717
2024-03-13,947.2982661541974,445.24795102021784,14.050738674072555,736.6462300728404,309.3717719948252,56.880227303113436,931.2197555425236,232.90584368451442,67.79174208416195,456.5907729249495,313.595494846651,556.9372572439366,116.58499133579593,1043.489681006276,966.2613832067581,437.3890288957753,385.3876322943994,336.39010984822175,252.0999568694223,1023.0060991253704
2024-03-14,954.9073169005338,452.96078730488324,14.151427998657331,738.0714042113985,314.25158117765204,56.64727835309144,926.845462389145,231.36529826476377,68.19839852859485,455.77987891553875,317.74031049575393,564.191169271969,117.92497647131349,1054.319105678485,984.9684623558907,436.6916119421739,384.2974092751123,335.6921263576566,249.04198894797983,1021.6331533334015
2024-03-15,980.8454787200197,464.6607259495065,14.564739509639118,765.0049549025916,316.1191302689838,56.28039872567176,943.4619743195543,230.85517937664142,69.17329648280027,452.2363033026719,313.64192199548285,562.1228489182251,116.25364733293279,1045.1433200701442,972.5206129065299,440.35470989265025,388.0264532129214,341.3140326682866,247.57036781296765,1052.3886160091447
2024-03-18,980.1471903518401,469.92061733928153,14.749422389977072,763.1420037072745,322.6755615158711,56.375845600266466,933.628627445271,230.01299913003555,69.64900828910969,450.5540269674242,318.1502007256137,559.9575467271943,118.78947738355274,1068.2810319383686,993.2536735714035,435.685776323764,384.7327029707029,340.57049011962073,247.60202212532073,1061.5717062645258
2024-03-19,988.8639534537106,475.21778695976997,14.940080920857664,779.0747336251637,324.70248153217716,56.75140049862927,944.0085101433076,230.23721085923873,69.60054117397658,456.437013557217,322.0826688740235,568.9296491069906,120.47426205745658,1081.8827217279782,1014.4777121402833,430.33156946828365,384.3623819367204,341.20386772837816,247.4543855523457,1050.240009979893
2024-03-20,1013.576943837384,478.7660277608316,15.2101096733737,793.2629477911028,328.9633918779484,56.84868112130312,945.4785455376356,230.76907245902584,69.16297765191692,452.0309858076983,318.7327660985979,565.4185169280438,120.07465173509317,1079.6046473756958,1006.1458650761747,434.7814378072348,392.22308035534354,342.83252078496224,249.00175127227538,1058.7668827414032
2024-03-21,1010.2465852565629,479.16787693628976,14.943420722221122,800.9937588165019,327.7927819152281,56.31046687083385,937.5492552096699,232.42693957714167,68.65975798562918,447.7752871255862,321.28988103709605,575.5924995922325,119.39370063657388,1092.8499631803033,1012.8072915551643,435.0539218168694,397.53621079592403,339.87881458606967,245.66446121824444,1062.405133922764
2024-03-22,1003.6061904431789,474.7569001330783,14.775740743164691,799.9385569543595,321.5309568918058,55.54080055033116,931.4531358455127,230.74908735313824,68.2907736342246,436.1946052398456,325.7607329611471,588.0193517789304,123.04594800779739,1116.8886594495946,1023.6306233189271,426.96600479333426,397.4573372421591,336.5926222495246,243.37532207395935,1053.6124452779056
2024-03-25,1006.9132310429471,476.46927749605425,14.93137654261196,806.9133307258573,323.4516255205002,55.88910985261726,948.3621299690753,230.65876325993645,68.66647309528263,437.2011667337199,329.21099252183814,591.1025282938103,123.13403286401861,1126.1957017113773,1029.721759638777,429.74712876691564,396.9977792671504,341.7890836380928,246.61419719750012,1062.820442003684
2024-03-26,1019.756357911238,478.20695230248197,15.109118915897797,802.1956042331956,325.84443911670854,57.04594377252114,963.2230904173267,234.48762592069124,70.11905618872808,446.70813612677364,330.80131408041615,583.1535031142213,122.40959530570547,1120.17524158603,1021.7494058505382,435.47765854334267,392.61842226828406,340.94142644133876,248.7704294114677,1079.6110486571097
2024-03-27,1014.0185732888224,468.2250327660539,14.99087137877598,792.6526363552545,325.7322480276347,57.47417732935187,958.7492133702515,234.96586779561312,69.07765809102041,443.9745088336537,335.04604545543685,579.1509858883882,122.08522965907937,1125.0253657728629,1020.0477465955238,428.8071870303567,394.4018200443655,335.43370285544864,248.43255833740253,1063.2881491178641
2024-03-28,1016.7660287157731,468.6022030129993,14.996567978469434,793.2681164292273,325.0849541816518,58.1342071725148,978.0261957520497,237.40799784403777,69.60746725700243,450.35199183087,333.25042831210175,578.9567832571361,122.53446698602019,1119.7917308070546,1019.0740195614553,430.16574282877565,396.9995968685551,334.79847028913133,251.40742401914503,1064.0751063054336
2024-03-29,1022.3550169168681,468.9804837572347,15.189679592300283,793.0974464282949,324.96975359059974,57.543517183874286,966.4977128288699,235.16618276301756,69.14835852860287,445.47123516736724,331.3786217164127,568.4912656682602,121.8058883969214,1118.3030346897706,1013.9034217984874,426.78779459335254,390.18168103543786,327.79446197858744,248.64293321160608,1056.5079123528303
2024-04-01,1026.1691266901737,463.7736583804811,15.149013854936394,789.7306299826125,319.31272800078455,57.422515730121795,967.2144564498816,232.71441244574055,68.2995662030987,439.81301632925346,329.1059643275329,570.5914795015049,121.34449630141668,1114.3922563128062,1012.8703706752414,425.6630396286922,387.4650107083631,323.8954504206559,246.37995199220245,1055.8401591068614
2024-04-02,1002.4919173114351,457.18015462591177,14.766682894677439,779.3907238174313,311.7442218249551,58.04316572447564,976.9791913017357,233.73315504116403,68.82695409540581,445.8303300799541,332.92629304428675,577.9916165551602,123.20793952577031,1144.1569078561665,1029.8211745886665,430.4372258266391,389.52399513978975,322.22647943147814,247.6653072876878,1066.4865518770005
2024-04-03,993.1634171321635,459.7835459393563,14.71982117623794,779.1380765480712,313.2602189851451,58.7005118203404,987.0411772172408,240.0645401154038,70.09394281433536,455.84383731453494,333.58258200590296,583.7779204850674,123.00395667825859,1136.7442001359261,1036.1801318813157,431.645964711224,388.776645109927,321.2852674442049,246.6919312006704,1061.7779553213543
2024-04-04,992.3848151432138,458.7129062000788,14.65378303620832,770.2925367678945,314.1849006680197,57.62931406653451,959.5889807453136,235.96019686983286,68.5060743618576,445.4808180201029,328.0751818505085,569.3786090100986,119.6575696655816,1108.5352718345553,1001.3836857830094,431.86072250684975,386.53405852110865,318.784139967921,245.7382021222687,1053.1718332791324
2024-04-05,999.5668238084946,460.74957160077884,14.653755112210684,772.5766638384221,313.837534320437,58.72343861098439,986.9864425209378,236.46347489116638,69.86413088594244,452.8294134632069,329.3229027354267,580.0052409627655,122.00617054458642,1119.0473290255588,1018.2818212224797,430.43639536070543,384.020241474927,319.9595000218307,244.6355548281479,1049.150986191563
2024-04-08,970.2229901684428,452.11176061871254,14.304261466961483,755.9325657892614,311.7727189394564,57.07905607754594,955.9481192097115,233.17464646034185,68.18690553171339,447.119545960025,329.27501248591153,577.5431759480039,121.79885141132317,1119.182757685483,1012.4112597581153,436.4957158327394,383.4235607185602,326.177965911886,251.7055362348651,1059.8534382431599
2024-04-09,973.7679449825988,456.99142959009464,14.400714426278657,759.1844008584518,315.34243578720543,56.61035053370939,950.247226564501,233.86507663201562,68.01815036478814,445.09566939759367,325.41760377061246,569.2503395344697,121.09384146701389,1104.3705975723083,1006.513310429458,434.1258979849648,387.0971468639532,325.9901521956648,251.65665078617425,1071.6256230745555
2024-04-10,981.8078067795777,459.3480020022098,14.43837611223756,759.9883067254117,319.24582125829465,56.713037288670186,946.7997517372178,234.5235913054246,67.96035487786081,449.0143699405311,325.9463314803266,562.7547700563931,119.53339079986804,1090.6678152470029,995.7138675794783,430.0127715226471,383.3135224190016,322.0229043832592,248.44233038560458,1053.2556529678916
2024-04-11,993.5931209539057,463.10148443355325,14.654183669448967,768.0874292442745,319.80849579133286,56.84271391154945,947.5599579321544,232.2269898144455,68.07033935840347,445.33768058989,330.51469660307106,569.9561615243471,120.35760387490872,1111.333460014327,1000.1873224337621,435.1894616371697,379.913206398263,323.7094575408779,249.25885654943423,1055.3248116960845
2024-04-12,990.7517025897216,462.63926731109103,14.348058037963302,768.394997469211,316.7565336202715,56.31841625219803,933.4968484759867,230.73969020418042,67.09935566642034,437.889580442419,328.74740581409,578.5962882452036,122.25282027342757,1131.16469280025,1000.1849376454978,440.52613946567743,382.6765370856069,323.9792930504271,251.29497191787033,1058.637202883372
2024-04-15,987.4549205400984,468.8752322991762,14.166156967634778,768.7146727384546,322.16941760480444,57.042331511586895,941.5411033888955,232.4899052852036,67.47005757550569,443.7453096470101,333.90310918228266,591.1657071385372,123.010881736558,1139.9492894333298,1012.8414227557141,442.7567893132632,389.4503531317673,330.4471033675626,256.28251533524326,1075.737690209292
2024-04-16,997.5822124901165,473.92286469088026,14.29496589608543,769.0713206922487,326.1008042447851,57.15585867414894,937.759507795461,230.74949773933554,67.51453971340176,441.5961442425651,335.7640908457341,587.0136949036131,123.38140907048768,1138.2045922840382,1007.6495215760345,435.9560747075927,386.51914055587,326.2367311538089,253.04651269879446,1058.5481342642538
2024-04-17,1012.3888868599256,472.3232216505335,14.407349674306671,769.7228480121939,326.26308794867066,57.45233427749173,956.5996179875466,232.51604965472418,67.87160805061161,441.8302981790473,337.7993754816108,592.2323929015358,124.73196768939772,1135.3953507360814,1018.5899271275177,436.33699844729125,392.9101098679452,328.08957532464075,254.1976637285932,1057.2079638016419
2024-04-18,1013.159052338166,473.1401892218349,14.365305862837614,781.4899362369334,331.81745907841577,57.1624204994343,943.0513361026348,238.1252451354942,67.62237175412997,445.09100569927904,336.9033297356818,587.5382855297613,123.76193743754932,1129.6444312606586,997.8824750361356,439.7812355525376,395.44585003466284,332.9053818317684,258.70908482828514,1052.401448611664
2024-04-19,1003.3697886578426,465.34995899493265,14.149783650594372,786.3189193237142,327.52614083545615,56.61311629656637,927.5653978817917,234.24248202685328,66.07285828030116,439.38671793142447,332.97085267789555,583.494432611211,123.67078344846843,1142.4059445710734,989.4490736983815,434.43175808848383,391.00929531786926,331.9104037764139,258.2043451309527,1034.6863521382263
2024-04-22,989.9568088332396,465.0431724143367,14.17845986352406,785.765404070758,323.8746601222493,55.00710312867472,920.2521561414802,230.47026733726756,65.42730091661048,429.6190486988075,329.38000856909406,581.597810820131,122.39223493126838,1119.899224808919,969.8118537660764,436.20274678325734,390.8142207423201,336.3153767602081,258.44924933640357,1034.8618080056904
2024-04-23,1003.4458472506958,471.36508656626427,14.33995767941095,795.9156027654084,329.5780773591498,54.70435069508156,929.6228267835054,233.39600435797726,65.488661109514,437.4055299761322,334.8975155572414,582.5838129951193,123.66227850715327,1120.847491636378,974.607507570956,440.06541876773053,394.2473099180201,338.19620342010813,262.9327300403025,1033.8198986468165
2024-04-24,990.7816202041233,478.172333863619,14.189955952830463,785.9552504252975,330.5235762593843,55.162493268237256,931.7007387489169,234.69409921463497,66.9094271845028,444.2902441782682,338.6514678686761,590.2598380686999,125.95396921798898,1131.1750471322246,992.2798541833712,436.313730424243,387.1709964455395,332.61926248089264,256.8341484900238,1021.0022825528952
2024-04-25,1008.6024317100853,476.2048985289533,14.219254117500144,790.9199647240944,334.40723207458063,55.905765475101084,942.029650089352,241.77553352676864,67.65722498777421,454.39078685896044,339.08305465900764,577.6054977547516,125.79737769676598,1135.1533812778648,983.4768259533378,438.57730018728853,386.6356935431614,326.9070210021983,257.9464188815987,1025.0379370551593
2024-04-26,1016.2925815305631,478.8079757643692,14.22001920386647,791.164509455646,338.32536450504494,55.891193684336436,931.2610809094817,240.96906474871187,67.1225729230049,451.18563609799224,344.7705673715223,587.253235462223,126.41382257290422,1146.491533879727,996.3941734511483,437.9282715194494,388.14405069272146,327.9332706230131,258.6285626222913,1031.2010430580883
2024-04-29,993.5284178032907,478.6823722384009,14.006229072651383,792.6019925426435,340.58259307618795,56.29624382801126,910.041623859278,243.08691624812826,67.12421499929994,451.4084827195189,347.2649460301184,596.2963126226034,124.93233542851969,1157.927162506015,997.5417939958351,435.29561677877024,390.555741415354,328.77274784430676,256.1640899950426,1012.1577702422999
2024-04-30,984.8063244894624,476.9850411881545,14.1299152569612,792.6975059359805,342.5679814183601,56.59090365832677,915.9036548401165,243.17321415354894,67.3324671808038,451.25261627846953,348.5427691426679,601.4358724497689,125.4191608623765,1167.4051047744622,1009.2207639319474,442.2263243292896,395.79468926490136,337.41976349317315,262.258281925068,1030.2190303422344
2024-05-01,980.8410077949454,470.97411913066367,14.113194509625346,778.5350329235977,340.00299309410116,55.82130230857275,903.7646921870868,242.35092041264554,66.81233681896659,443.5743621344102,351.2340234476376,597.3245151571152,125.48425525311363,1164.6976832607675,995.5894857468413,447.827955511555,393.5581398170435,334.69294130938414,263.80080061493993,1033.1313523008155
2024-05-02,1023.6192844780478,485.62560918755275,14.707943282471973,799.495639345427,353.4119738860832,56.26948373688529,904.9543523882464,242.25223046145993,66.60604677974676,443.6998181093939,353.2338610917976,596.6152501632671,125.743334328497,1159.5027441858877,999.8749490226734,442.31831112204424,390.7469775999529,331.60906603771724,261.75386667976016,1017.7876975073896
2024-05-03,1041.7931926371343,488.6630952308482,14.971039804645766,804.2721827889585,358.01924450850385,56.63848508239985,901.9598894174554,242.31657175021977,66.78732686559856,438.9950008201231,350.2361230870059,587.8078839980614,125.36822490533613,1153.035976546959,989.4159323157473,433.01617271693146,384.1868528755728,325.3691401024416,258.2735913159644,1005.866465060399
2024-05-06,1044.750088204837,492.63117047385384,14.935574158207865,813.7006112493023,356.43954369800883,57.237261336562334,913.8089714411284,244.74373992847362,67.62801599601642,444.50411743365567,351.6253693894656,593.8941388127679,125.44088401314349,1163.5903691867425,1008.7457134437104,422.2380628005646,377.2563322392267,316.7798436143846,250.19338069078592,994.7728599816846
2024-05-07,1052.116930248366,498.16853200263256,15.004608953600744,812.2041846332609,359.006929575915,57.427674811800166,914.4109531085712,244.65103749889408,67.75416841237673,443.69798090922666,349.14775227786794,588.4194929396905,123.31546525392656,1148.6750254921644,989.6801783975051,427.2522497398609,374.95921444156687,315.29194533379456,250.66246255609934,997.4264561796775
2024-05-08,1049.9915451545523,485.6924898393057,14.967342375197328,802.541695113319,356.30827477232225,58.7391806107496,923.1117740261449,249.77222454474418,68.86823168586362,452.87864281932497,353.02825940410105,589.9857524163192,123.95671448187561,1168.3003302316552,1006.6264874575685,436.2626568208903,379.20766606269723,317.05310156925776,252.02983799058828,1001.2533805594513
2024-05-09,1035.5135124458138,489.226318821002,14.614708596086485,803.2033647728273,354.39539061168733,59.42149610968563,939.1921929480521,252.34902713098194,69.1732428713746,459.6392696518488,356.39177254413977,603.3086276162558,124.80194650970225,1172.3684097733767,1008.5390664373018,436.02711797049784,386.2258822045916,319.38085000048255,255.92558896406285,1013.5791906595889
2024-05-10,1040.014022339806,487.66841997289106,14.755263083038695,797.1641131665373,353.4394835596207,59.95899986828515,944.4567848119044,250.781376530456,69.26702801277364,455.33377695527815,360.8474990136269,605.5547782220327,125.0441582118472,1173.4017702246806,1007.6933495274601,437.81574768347554,388.28066624501554,321.0498067799448,255.62076897048544,1009.4856009488727
2024-05-13,1040.834937767918,487.3599613294694,14.766573675858622,801.7872756275389,351.0319799586081,57.936074053763896,916.4933249924586,246.58224961138743,67.89579771486567,443.53970604625954,362.1990549244295,610.9365944645401,124.62212086880237,1174.956127603971,1003.6385053053215,439.1146270172132,383.13292120256733,320.95023826687066,252.75037857493916,995.4025042660105
2024-05-14,1022.2622301209003,481.2408997026559,14.681144768039957,789.1544867768229,344.48859797920085,56.45805852186091,911.3787573425893,243.31910306950004,68.04590354891543,436.8979182690174,366.16066317694765,602.6606098270973,124.22423403946652,1169.1603791547207,1000.8436969375427,427.2978172875127,374.2711863277496,314.7892512849369,246.53498220089486,971.8964508483302
2024-05-15,1008.4916427047601,481.49684296136746,14.462992186396129,774.5759901972109,340.0355317862436,56.528156484780006,918.812004975368,243.28218719814595,68.79583436639733,441.4878491235881,367.3816508101344,598.8841142302052,123.95979118101093,1156.6387927391186,991.5085660037904,430.6761784661455,374.7081312383627,314.8140184325667,245.211358583548,971.0717928168935
2024-05-16,1003.0838462517426,486.10700598371176,14.344452232159755,765.0370638068492,342.154338493905,56.93116833165012,929.2497121032112,244.5895593661685,69.88369753666358,447.3641878775775,360.5894024639811,588.7724450920979,122.81935922863917,1128.1204195626701,974.5320662758866,428.6017448298928,368.4755203348467,314.11938327042293,244.17003058203244,970.8886489799023
2024-05-17,1010.5455501221837,493.0977707876924,14.408977215327862,764.7090383954073,348.7206255965812,55.26192687134493,913.1752345649081,242.00641973914145,68.8833927198774,444.6876238854755,357.53299803124196,580.0640915246328,124.1741237521829,1121.7417391463866,977.8962608014508,429.85233258173463,368.7096882752366,313.49293949220146,246.79589954874507,972.0458364954015
2024-05-20,1043.3620632364893,501.28057546679923,15.026006514858496,792.0559312939542,353.6481705013379,56.309302892186835,931.280665970486,244.97914596601672,70.84986041684255,446.2692441003021,361.89507999324735,588.1111421149864,126.0375242822869,1149.6585859347244,996.312155424631,430.18462993921855,368.2654452993532,316.85537152615717,245.00413822556746,976.5557543581266
2024-05-21,1054.4435040273268,497.47102976756105,15.167364056694248,796.9086751346197,354.03079592455686,56.51315942872088,925.3592821474432,243.95409143560255,70.17819931019518,442.51966168660647,365.22568672928395,590.9993697975469,125.53038046431008,1163.0791307309814,1006.1644640991865,429.1288724095428,371.3067114622888,314.9084764652413,243.60202764698022,971.9521126817209
2024-05-22,1039.4660523819332,499.87054061641703,15.138196415889643,792.8025989570316,354.7206870052727,56.26088476363969,923.0075684975832,245.59024609155324,70.2296382613041,440.3209106563916,363.60788139146547,588.6786675463389,123.96235719108286,1135.0324935242154,991.2642885942334,416.4846223803613,363.7577178632523,308.3946897817323,238.80737284155026,945.6813796134446
2024-05-23,1022.7632184375374,490.5193728977531,14.962994458428424,788.7346241949119,347.1977379943113,55.535972156556696,918.1728053836101,242.29305474385603,69.02969837856809,439.2229367334272,355.11647107020923,575.438978469219,122.44114279952446,1116.6271274933015,975.5836325103412,408.6133186975646,353.34535331602143,302.74286219137326,233.87412529288787,919.4144738527432
2024-05-24,1006.6377799713583,484.3053960982541,14.829476612100843,777.9146970374086,340.109114215135,54.945228691871655,894.7408168033188,238.09304804754984,68.54410341561925,430.86091471374584,350.4748325832385,573.5087235847305,122.58510160645054,1127.361478359954,977.0329086736124,407.17800337505435,345.3849273803447,297.36930625812215,229.24051059919498,911.326701750567
2024-05-27,1007.9931329586449,489.62653849946895,14.796948560927724,770.511132678124,340.29186996695216,54.981589230145,908.9760366627793,234.70666285117582,68.80603842079778,425.33574202871824,356.46212418710627,579.1541061655291,126.22236123987112,1131.9650190900513,990.5951676153866,393.942252549981,344.59636849406337,294.0623005664107,225.67509555372806,900.394166400705
2024-05-28,1033.7458418572396,506.68295074507967,15.280700551165312,793.6587368677269,352.4978239297585,56.02991288667246,908.2476749990705,239.48378017726475,69.41495150056559,432.77590107021126,361.12067783962095,583.3427197622871,125.30588183049542,1138.7486542448457,996.4587154201914,398.0291377863705,343.39562466085425,292.79998240473407,223.87615472668733,897.4061868835463
2024-05-29,1036.9392418745865,501.38371620094534,15.343415915135157,786.21535750649,350.3273627621641,56.78413971305626,907.3599545303001,237.4726342799639,69.2102708093371,432.4065439801139,366.6588992492625,584.9861485000648,128.10246329270174,1175.5802577039506,1022.5740564334926,400.67668382648816,343.06423264381687,289.87912303962435,223.9031367458192,907.4897282074265
2024-05-30,1064.5799404483791,516.547755104864,15.83204010335654,804.3863216777621,361.52025291279074,56.26408688182729,892.565735966001,234.46594130312545,68.51993466744848,425.11619401440197,361.9518554391268,579.5347860326502,127.04696731179705,1164.027387221098,1010.6026726777122,400.9281483514822,342.77319722532,293.45720805655327,225.68687754649525,905.0621421334797
2024-05-31,1069.2020515576191,516.8017037293928,15.840452585706668,801.8870497463197,360.75485203397506,57.08567319581463,901.0449754126632,234.9541511598502,69.61282021287849,429.90554016575857,362.65036269802584,581.861295992799,129.7930053729935,1186.226467901711,1029.3099119275757,404.40594380042114,344.87054203831445,295.72374814205216,226.89508001064863,917.0301100103985
2024-06-03,1051.1537350593387,506.71607516231154,15.274210447442385,779.8043242655014,353.32895123862636,58.34817546454111,919.4014157017613,237.81762967313907,70.72313174674743,438.9879298576387,366.98667916542644,588.8832443348421,133.11897624534072,1204.3164974230863,1039.0458133922073,410.07097173216965,351.6721685441245,298.2494851720245,230.57764383154685,930.9250364300142
2024-06-04,1029.5130169197832,501.50184557414394,15.10986718306307,770.7868422230551,352.89006450708297,57.16994114767916,895.6552842451474,236.53448884232805,69.80176754801936,436.0886840581387,353.51179770801735,575.5442429113824,129.91197512139857,1169.1685056736203,1023.239379465197,407.6541351658151,347.2611044547824,298.48655268684325,229.27328787751955,920.0302831308655
2024-06-05,1033.6764008658513,495.25781963095795,15.040563566602565,760.134682356906,350.2803151545148,58.46776127974629,920.2453332729124,240.28118253705952,71.0513193428995,438.2648876327094,362.0004417664587,575.2769422810737,129.88159948943252,1172.2534636446117,1023.4750520797322,405.51772476621517,354.4731992404597,294.9224230034679,227.22623547014206,926.1970230082519
2024-06-06,1026.3947263296814,488.4782085961579,14.793239977002765,744.0599802730273,345.8450899172997,58.933358668519894,921.1673562643854,236.20831815425618,70.48337992319104,435.6202956397014,358.47121032689796,567.6620629182956,129.1677520011282,1154.7979953040094,1011.7452437126593,391.00265512955065,347.31706321258184,284.36723165307274,219.33460343446566,899.4788027039663
2024-06-07,1041.2684650815313,493.24934357695406,15.102789159794883,765.309651179815,351.53125369115924,58.99503445156047,939.1689738582236,237.78915519467046,70.77647056546529,440.73029697664356,358.5703914285174,570.4900715071677,129.31251296233893,1158.2676337635558,1018.5092828081795,395.49270514455236,349.6208849429385,292.3860107389057,223.24426693175488,902.067908463554
2024-06-10,1031.3599101445,491.78774294823876,15.0355240879549,756.9503065848481,353.6484458796153,59.27321255175479,927.1955428102377,236.03117882051822,70.38557098529162,439.74294222484275,359.13538980532996,571.3833305010752,129.88674896519004,1165.3939993492213,1028.6375398145988,400.4809301631679,357.260679676193,298.94882332246067,226.11310049975935,918.3745652272526
2024-06-11,1030.2943891724956,494.1920592423928,15.092208600710544,763.1943159995598,352.6282474496935,58.741189657229874,925.2644193116159,233.2193716155369,69.88942670173005,439.2001029348144,346.75680854492504,558.6142549782916,126.64036776182274,1145.3990939949697,1014.1443431602186,400.36617361439966,351.3083395800677,296.66358860976936,224.3378903665953,913.33106712114
2024-06-12,1026.6668482167408,489.36475356601926,15.051736819765125,754.3248632603752,352.62413042921054,58.52986793596589,924.3035025060839,235.02639464405183,70.34794081418222,437.6042600039371,347.8701307936483,559.709122785427,127.8234476107043,1140.2638165160945,1015.9091657487667,398.4605230944373,352.7328174628117,298.183915476558,225.909085688572,918.6719511377628
2024-06-13,1037.982692718629,494.69440508470757,15.148213581197561,772.1533234917767,354.348549367234,58.495989972458716,935.2876803081566,236.34819048740147,70.42116821105063,438.96760082391063,345.0884529320019,565.3861988032196,129.89199936485772,1137.7112260428437,1013.606443540533,394.06522417991437,351.9293562065661,300.09560022821864,225.277453133699,910.290475080653
2024-06-14,1052.9748593667805,500.26830131718145,15.37697975955336,785.1343518661909,360.34061790409055,58.53374118325578,936.0439796111422,237.76667737417074,69.9587095841461,439.1999351204962,352.3297247316118,572.4664308855413,132.0110247639179,1152.8135624392446,1024.0771553800882,395.1582943302095,354.68222287530244,303.3025508309874,228.41212852931767,913.7448928072297
2024-06-17,1076.9982760455123,511.86130994116104,15.470018848744093,793.3346157813323,368.510740958146,58.94329326719219,939.8694055067112,237.73717186874634,70.11426609247061,441.0023160561646,359.75564056130463,582.2279290830558,134.51825824542664,1170.5277462701533,1045.6803309347526,395.8581587441191,359.7581556720557,305.7838261728959,228.59146791559746,928.1663900925806
2024-06-18,1082.248800683504,511.64764982782185,15.583831002343837,793.6583354701047,369.5835219907822,58.51579249496225,941.243999934952,233.78414253667134,69.00187052304156,439.4537041251016,353.8734446021313,573.3112394053215,131.76911620151643,1150.2191905510579,1037.8143735597323,401.1618818449318,364.6460574557853,309.62488859032203,231.02075136621139,934.5643594034425
2024-06-19,1061.2970818680603,500.95782227192814,15.3164038332511,780.9210730368299,363.2752284031848,58.850477487781006,935.7926691862833,235.77651085266407,68.96280107242485,439.136486934307,352.27868550043013,578.6979473517381,130.59113974447985,1142.4484820423038,1028.4680324088547,405.93409670842186,366.17635052491016,310.3658441861851,230.89072699401996,927.7630917935329
2024-06-20,1044.9094664683835,489.8799873876769,15.044871292667928,778.6586878971923,354.244205848377,58.55523266662502,933.2222079599192,237.61354920447107,68.8448218982594,442.3988928773189,349.7654209688903,577.1872286673109,130.24750938891938,1149.314819421088,1026.5417690208162,405.70337930359614,359.1198242913115,306.44814745085677,228.99515661722558,915.0258260545554
2024-06-21,1044.7349542203185,490.0256776682586,15.09238935176887,776.2357532839109,349.1138222485827,59.366603907504754,934.1491363760794,237.13737189875908,69.66198910551499,437.4069867831685,344.60611401221956,583.4725382264733,133.5337755922894,1160.4127438537466,1027.6733643837435,407.74716420390723,358.790715039605,308.6285091839559,229.25100621179354,929.4904795678156
2024-06-24,1023.8506587556845,483.59277577481055,14.786478090292535,757.0192402124917,344.3857448355052,58.318877320759285,911.1079925731419,228.53783642885057,67.91671063119877,427.34652650104806,342.5229456118497,587.4870693524401,132.6489827601127,1150.6057206710534,1032.154556506219,403.5231654332175,357.73251466113766,310.3123131096008,228.24143582147667,929.6753337563283
2024-06-25,1028.3902912511235,480.6001955288209,14.809060307520497,760.228761675735,341.2118540374346,58.484992052775794,921.890740084304,227.78470027091234,68.30811232835826,429.5820032555508,339.64075753126957,585.8893860831727,130.71623002668045,1137.0603268924522,1022.931039437012,408.59122301147005,364.7281069577375,315.53653590182614,227.28648879168645,934.2418104698859
2024-06-26,1025.4510513074829,474.3785476322681,14.898926452030492,754.7445108126925,339.8352021760989,58.572539046390276,925.3818801408067,227.4295563348057,68.30664258873178,428.8352447026992,332.8579115369337,575.6079171657888,128.73940215729422,1113.4160290555628,1008.9768161633999,409.0262549206211,364.69374332972876,316.73175350330894,227.03784099986277,933.1928432467561
2024-06-27,1028.6090308248515,469.6231300459546,15.15002174941577,762.6533010993217,337.508267323319,59.85504084889876,940.8418606190211,230.48932743014336,69.69077818308749,432.0496066370845,336.0881838193256,587.0124107216743,129.20909478174852,1129.7616378370444,1031.5315301406645,405.93178143828567,359.2585253476891,315.10958444097906,221.22356150109152,920.2076314418296
2024-06-28,1012.6335660296302,464.15300960355626,15.079766344257333,753.9599730310338,335.96417282551596,59.1162934561825,923.9485267342372,229.46668232814932,69.27293906221766,427.09429738118484,337.12615873048514,580.5475164566138,128.05292002156082,1122.492940007823,1027.9917574486212,395.37911719827895,352.2893115745416,308.4946001513144,215.71751973676115,903.5588981319655
2024-07-01,1020.0157515887181,472.38441058380863,15.018025654045571,753.3552986335025,337.8235277125946,59.34499924783298,917.7314769789089,228.26717038266094,69.36252059559817,421.29186785705855,341.5974605717065,596.1894286617187,129.3385889063754,1126.057541678766,1028.0108719009452,395.3671478857042,358.63507683868033,308.1302027281544,213.612034352256,905.4370310544165
2024-07-02,1036.6524110300152,469.6683228819509,15.29391525893193,758.7413814642638,340.8411587884572,59.94037290985411,925.3602267800892,229.4235539534936,69.83195178929807,418.7522928770209,340.16114925153215,597.3573239594136,130.34630760387643,1134.3774598714426,1031.4090630384155,398.89683566358326,356.73413826377737,309.4456110100679,213.23956560706364,899.2421536776609
2024-07-03,1039.6724453357044,477.46629950064016,15.247843898223273,748.0119714234128,347.7766525357366,58.839980310808485,907.9823396122827,227.63467811523714,69.05114162791297,412.84339329942804,336.8973334139107,589.1222859034754,128.86015960712984,1105.7181224921349,1006.7191139087927,399.95867048920235,354.51586745576543,306.201383880502,214.17965770030213,887.5505807721042
2024-07-04,1054.689308848598,483.71301243723434,15.416068734142558,760.8125553571429,353.4689594621785,58.94684723434128,905.2021420857834,228.70873636801807,69.13914349625915,413.98822455316,348.50337252042226,604.5041729528094,132.01719751759606,1147.2611353380107,1037.59722895124,404.58551816883767,354.1083790102484,309.9909320240712,215.85784236936993,885.2189411480481
2024-07-05,1029.223019048966,476.3809238280749,15.265901797938511,753.980402575793,350.75753496815867,58.853383081678274,900.5573681306057,229.99303457165036,69.595193365331,410.93049369951575,343.6871938020513,608.1973213536494,130.01873303563775,1133.5879357783133,1023.950366984883,409.2384746780137,357.621036243686,317.52150756184597,218.60505215101213,894.4247400905631
2024-07-08,1029.7429502980087,478.5005013203867,15.330153439020343,749.5146490813831,348.91868781610293,58.95054212500751,902.8087062360523,226.07988398271374,68.90553499002442,410.6402299901145,340.68479440982185,597.972809433801,127.69371085531209,1124.6489652972725,1018.0795024657332,410.6354176650878,351.9711445039519,311.62387699454456,215.93135716849827,893.6234707493721
2024-07-09,1016.0974838833932,483.53169685915833,15.29139354766889,744.1977962883085,350.9227025396974,59.021139755934996,896.2514437808659,225.6172157006308,69.41250281691391,407.84183861634006,343.0718084269068,604.4077258577034,127.5243938657819,1117.5529045235921,1011.7400938202298,408.0960101211412,350.0970605832676,313.24660169457604,214.13020134552227,884.1620126908475
2024-07-10,1014.8537788799417,482.7991181593374,15.312974806342247,742.5312770792267,344.2265171163727,58.540583790683606,890.8215077555584,222.03640173676038,69.64006502679513,403.17081438772,336.38900495620084,600.5355991235139,124.37042577962873,1104.7435113101983,996.4471145197949,413.55889098711367,346.22170804076086,308.7674804444936,207.00740317442995,882.1767533073164
2024-07-11,1040.7195340674723,491.1129606373931,15.727303761766274,762.9811092851904,347.8173898905674,59.77591535156376,915.4565850798598,224.3697063675957,71.0725704236261,410.97667460628816,339.3496756307158,600.8946172808365,125.02987676208302,1124.167094621341,1018.0680537833564,413.3627201720469,348.86250107223367,310.63186405817993,207.0461927794369,896.4415196899553
2024-07-12,1049.640156599222,500.3369799074779,15.678499129884006,783.400189496341,353.5320111425988,59.962250840302275,920.393824551161,227.12819825810868,71.30539722015534,421.8586713150858,336.2331861871012,597.5846957618714,124.50237653590081,1125.9547789678697,1019.7980705365339,413.56159621141677,352.7957681923673,311.81758564856545,205.9148574294765,881.7226035415565
2024-07-15,1034.5211296226803,500.08916439447614,15.450852207950428,765.9609565668464,350.8358741516152,60.47394949740241,926.541082372382,227.22982194418987,72.35031754341837,428.18257971082556,336.57139317023285,596.1935720812407,126.78332977499863,1126.4221455282495,1035.9694660749683,408.51103801975535,350.7072668262419,308.15758714698796,202.54235220229984,871.4798630539065
2024-07-16,1023.5716937100547,493.841816082636,15.316636606664355,751.9112492089192,345.4882218859247,59.74172328599796,913.8504338092749,223.955436168556,71.70864068884364,418.1637650637747,339.7990251385724,607.781630907093,127.13246774616275,1122.9538926413675,1040.229440002465,405.2217963749001,349.84979626529616,306.9585854859157,200.47531801753343,864.0910090212645
2024-07-17,989.9463189156905,477.6270993344302,14.829797537231093,727.3241781846048,333.1030524934022,58.466081238465634,905.4257410139954,220.0545780381547,70.78805169140709,414.5932150983959,340.0893680559868,602.0046602154039,126.59116105288486,1127.9068793345566,1035.4274210669996,409.7351855196269,345.3411487625981,305.74450301720856,202.8514182494147,864.9290873632622
2024-07-18,968.9691008443916,475.7788282293311,14.660541385107006,719.275104165157,330.1541974343415,58.72734854951103,903.4385600912387,217.46129887379922,71.03139204518229,410.5708512804984,336.2320705544699,593.4566515147051,126.81850498422249,1127.6233151544504,1019.7927199290763,401.176823927254,340.41024633812907,302.63730391243286,200.5513169103223,848.7810710512044
2024-07-19,966.3474957632037,476.8691269491606,14.642153711342829,712.1738912127502,327.8822865506843,58.77801196729955,909.8211977288997,218.5779755312359,72.1592776323657,414.0513958840408,332.8335795262815,591.3021502190431,128.54995217503273,1125.9427789345314,1026.2192709472333,399.82795812472244,331.0572897118421,298.94287673822186,199.46892981821975,851.9456127280785
2024-07-22,967.6697345897719,481.6814733638121,14.570647801677385,716.3268569538569,330.4908990486883,59.03011357071718,907.5820970875702,221.36160034999247,73.20374333481321,423.17875563096203,339.9259622146588,600.730710733353,130.2249323321549,1145.7934404208231,1043.7545781821616,401.7520057351395,330.4395041627387,300.73055591879233,199.16070610602745,842.039438831662
2024-07-23,964.4650191738485,475.025903040952,14.538369125816699,709.5124399663204,327.3996900607128,59.9724902373411,916.7812273550555,222.85463305843183,74.1919680219574,427.2759519235367,330.4969379265741,589.3301424000703,128.47675400278666,1131.6492308454476,1023.4145837890319,412.1932247926169,332.80086195950315,305.7434939194545,202.04719701654224,851.2989359469033
2024-07-24,972.642183384481,470.8499952177152,14.986509374490673,703.6741268786119,330.0723269570458,58.92058636301046,908.1357045024232,219.48693780315952,74.120475046256,420.5805639158889,326.4069719589567,565.1672548724409,127.27797218056376,1114.8595280658028,1019.1070093848275,408.32215934139197,330.85345793614215,302.5065784252229,198.42147427193416,841.241868356725
2024-07-25,964.9881395944495,469.432271371567,14.92138697095426,694.6005877818837,327.06036236029155,58.047040614155456,891.4041562263743,217.07171806635037,73.16919047888788,413.6378517535064,328.06971014012686,568.6505887365856,126.71549799212556,1112.1611979624913,1022.3162673949194,409.0766128655509,330.86673934571905,300.5315220757525,198.22423823839583,843.9556471792134
2024-07-26,946.5558930926373,463.56839147101255,14.719686939834393,682.3196714837567,322.95351562237994,58.945830457749075,901.9149280543737,221.7322254809016,74.51088611397317,426.37678292395424,324.3858417549232,564.7019472513305,127.24450526604862,1095.0366589850123,1017.8494953742844,406.8421422635761,325.5477319696123,297.9678301067198,197.37298909549972,824.1343427827421
2024-07-29,958.5558945159356,469.60643341804763,14.778336311436133,681.993292816842,325.8989401680707,58.970210088220185,902.3497615807798,223.3440717069738,74.44835443274391,425.9857563441052,334.67208709642324,580.3114627452393,129.76576893267264,1111.1305658143497,1036.7182663694452,411.2162796191262,330.4326036107591,297.0301492044621,198.98775761262831,823.1936516001967
2024-07-30,961.9997997451525,473.3576594939738,14.890072054784149,680.638669335955,327.6368414692441,60.62673918082577,929.3782443330132,229.38808164786508,77.0531966073163,436.04303141393336,331.5911242235732,573.4507836374183,129.9039421482501,1105.28715693609,1040.1302513430185,409.22419984910243,329.0889283556083,292.1221008086656,196.21585580821738,824.106774254392
2024-07-31,962.9358746484679,477.0663162941697,14.929069950531463,681.4674408083989,324.3404413325736,61.35331079433705,936.9605081886677,231.03381497321206,78.47868027118876,433.8176060303151,334.89667349415976,583.6096011402047,130.4641847718394,1106.157064979466,1034.0474314783014,408.45471255291613,331.9920276798191,289.92678755408537,192.27503791767975,825.5062462511004
2024-08-01,948.0455205644392,469.4770088525031,14.678576682194773,662.3205482096711,318.7333089230167,61.202992368054474,932.6061083733115,230.34232259948902,78.96768100118672,435.9819472575605,329.31380217323766,580.4278486331234,129.57465888987326,1080.4961369658004,1034.9280134849994,404.9378814919867,329.6990504002531,286.18492332740766,187.04063177973904,810.472093380538
2024-08-02,949.4625749405377,469.9009081709892,14.81593459286028,660.7173082620579,317.6666307960825,61.91593923585433,937.1962845223629,232.12518384421077,80.61427485234623,434.137143492556,321.5015601791152,567.2445749560443,127.51392463105162,1059.4419335691678,1006.7187128237823,401.43357165001163,325.99045033190185,282.60363991986856,183.23438053766338,807.0462374618153
2024-08-05,945.0035438973076,467.3611674895264,14.733603439948961,653.8625317486727,314.8720591247622,61.747632726520706,932.0313926753577,231.12895738135776,79.87269025294128,433.4663348519846,320.6720633740743,564.9468486931601,127.645614545589,1054.5993253911256,993.7472701924016,407.9381703067361,324.57313787508673,284.14989646179254,186.4782300087401,811.9321027054136
2024-08-06,945.626904633527,462.7459974932759,14.697186207790663,645.4245282872218,313.9826191401103,61.396527044343564,919.5299343349616,230.44197241971037,79.54148849138681,428.1328348503026,329.113015752708,570.4007236672197,129.06574848453585,1073.7620826051696,1007.090960976884,409.49216240091556,324.779577503038,282.67801801565116,186.09689126102785,814.5203849312426
2024-08-07,940.1849891690401,455.8519707444405,14.632806484076339,636.9328296718353,310.18484726086973,61.55563598727383,906.7304831238939,226.39804236541687,77.81865163914713,413.31577300823255,329.4785916753045,577.5110492324819,128.85565446930948,1078.618491487298,1005.0688408203664,401.41486086960305,320.3903647572922,275.7539165352318,183.962589287917,809.2446796046546
2024-08-08,927.1689554189662,449.3084517516028,14.524124603554059,625.2786319405616,304.215567037607,60.841606830466,909.4504117525904,224.03257433658825,77.42539954713946,409.38546666545886,326.2270437109525,569.3946848693492,129.26170707809726,1063.213667190307,988.0289521170573,401.3956704923355,317.10903245570813,274.07206489421975,183.7538891506831,807.7449546424714
2024-08-09,931.4129557890999,451.32897489938966,14.64446820771944,635.374038836099,306.3533734579106,60.62169618314714,913.2545019558946,224.8694042751453,77.25190401951258,403.78848086313576,328.06900689588406,572.3881379110096,130.66567989916635,1069.6545402822612,985.024881741664,390.91807699256344,316.2011798300596,273.67453561606504,185.58390595648697,803.5640473941606
2024-08-12,945.3057971668967,448.15881579552877,14.603759112908042,631.6566983202721,308.1593049576289,60.04221628046982,911.7458957345873,222.46606030309192,75.98465901091923,405.5386615092495,328.82782908115513,566.8942742756595,129.74107761933277,1059.2097162680357,989.7099638532951,389.2917791761521,316.57090219798647,270.0888834225734,183.36528740106135,788.6962562784632
2024-08-13,952.0710755750333,451.6378451164027,14.584453633515839,636.6692834302426,310.46150687169734,60.687132050572224,918.5995049311313,226.01690864678187,76.72102127523497,408.2075157607303,339.24981361181653,583.8345607652533,133.3985509701141,1085.743546650511,1008.9509140048694,391.61489574614274,323.29419177225867,272.75468778368236,184.85820805595029,794.3353144999571
2024-08-14,963.8916457711633,454.81193808524375,14.687079075980165,638.5165843170075,316.619731922191,61.59601463364835,926.2924493334192,233.90252260608187,78.661671831884,417.9814332032311,339.38745327773836,580.7463178322313,135.2042487109556,1079.3031286843354,1012.8586438429787,386.099173872302,321.00873295570483,271.42744835460593,185.01580511631624,789.5416590473307
2024-08-15,983.6965897989062,458.89613270397814,14.993917250574459,654.9181361190291,320.0540151280308,61.791237092406014,919.9278032010224,232.9364158578976,78.22687066504741,412.61655162401047,340.93155787153796,586.4677121053282,136.00272542719807,1112.5521072042845,1032.6623245541257,388.48307292818146,322.9605156492311,272.23955841292087,185.94359111858697,795.4415861666658
2024-08-16,976.3124712249846,457.2325790332768,14.866537913377968,648.4949047898976,317.49589581686024,60.897157118468904,916.0728178058631,228.15618079504938,77.4268077801347,405.3494865492237,343.20979172090165,588.6874267580968,135.53756260993046,1113.2022557621017,1035.3935568923541,387.01790932524955,324.77282503436976,270.2022780146181,183.2039930024672,793.7121140386906
2024-08-19,986.1351473146832,452.1352548993975,14.877771012107242,659.9901463543243,315.71081654845506,60.82153051602286,933.3397118550205,232.45996390065318,77.5969595431554,407.44037173401324,348.8877865096901,599.5484134795148,136.75708774884836,1133.0342678042969,1048.2147273639616,394.9002995440828,330.4700208107524,274.00197042293365,185.0113548139267,801.1397421068992
2024-08-20,992.2970822379218,461.2310761482014,15.047819219362685,669.7838109458175,323.9956008008631,60.095125357971696,916.2571022504114,233.52312929228955,77.16068597746914,403.094417557275,346.7454514681132,601.6148912558773,136.86232868935002,1128.657887053398,1049.3728475387406,393.93051919829406,332.91467872642824,275.57044035375566,185.00728004395413,799.89797375545
2024-08-21,981.839587743501,452.0223127773388,14.963647065136536,661.5381330672562,319.65293175463614,60.81754277481015,916.7162003736765,232.58357249234453,76.76105839385845,400.87237833805574,348.53564384845805,596.3467536635161,135.4729657535423,1135.5014460988175,1050.209093830526,388.0421641247176,332.3769460189791,270.1170404887619,182.66982588509322,784.9860821325168
2024-08-22,977.6683215873933,452.4722870551644,15.02696893453785,659.880171143624,316.6404964928727,61.16779230879622,922.7326922052914,234.1349603154235,77.97523012477355,406.64944187440517,348.7643431822428,605.9727034648656,136.63529276706763,1137.5248898528296,1069.0767071369494,392.41027620472886,330.8630528038648,272.2851571233192,181.78250372385187,789.569775900338
2024-08-23,1013.7840437832382,462.740223106285,15.439563443789964,681.563800184325,323.4216592111644,61.92152418110846,925.4967698739014,234.7228538062389,77.89218917653514,410.0703402086829,344.85269165779454,600.379804703967,136.14482547735713,1145.8753267617842,1067.8295938715946,401.3079485346546,337.11214101081987,275.936333163865,183.42392858213043,808.9978659960883
2024-08-26,1045.980912548879,480.8046334865276,15.740081682314928,695.4689817823543,336.27033033978336,63.49597480140576,935.1727877664734,236.54131713665893,78.37752046105223,421.3883071524168,349.43771435708396,612.8952111676236,136.6027236018153,1145.9615295814958,1089.4416689732843,401.64678710485987,339.79401955495354,278.46405762581395,184.73581459145285,813.008585647941
2024-08-27,1032.9831749449074,477.1406524909827,15.557497159509738,683.0742431753775,333.8976435941587,63.00312875320189,922.7954271810896,238.17435180864683,78.22988052304697,424.4873387988135,347.7941462082291,604.0734177040906,136.2605070945904,1126.7838848350282,1072.797895339801,402.33311513510586,333.44474179219924,275.8422848573888,183.36197107804176,804.473196601176
2024-08-28,1001.7040173990198,463.3034767484215,15.17054473854816,667.0688520881409,324.84141453868165,63.527584240052114,925.6205244919879,237.91273119458822,78.46207827540735,425.6445755897578,343.44432813991637,602.0193671005193,137.45380197958528,1130.9900129683763,1069.274529386628,400.51557155078893,326.7586120632266,274.1465698892487,182.57092507837083,795.0483032573774
2024-08-29,1013.2375563130746,464.67683880016745,15.342041726537847,672.9478852310891,330.7247823024958,62.79027112777373,921.5713190044174,240.4926337402583,78.28285272795084,428.18020978430513,347.91746003931365,595.4587151825032,138.5657404728523,1138.8929751290561,1072.39430444891,398.6689925922257,322.10132493943286,271.5736101535392,183.52987792903636,781.3982299355895
2024-08-30,1023.067438198422,473.7401334252614,15.44859693692302,684.1085642335254,338.1839273502055,63.16668868440087,925.266457242923,242.05637540056662,78.51981231961634,435.6369373725057,350.0118246420805,592.9860074590944,137.0559472499929,1132.5621684551743,1077.62383644829,393.966808001816,325.44326727948356,272.40192242787083,182.24900405052315,779.0781790772858
2024-09-02,1011.167965991843,470.14709339050154,15.401790576089853,683.2837453075911,335.2955885430828,63.79477155461402,942.1625809744395,246.2254348068011,79.57024354710947,438.5041406122108,355.45404307474985,598.7127716333946,137.6375754461579,1131.9579143380874,1070.8637932689492,392.69975210021954,324.3885036714573,274.24724554069616,182.88464967455548,774.1990726751143
2024-09-03,1007.8382060777153,479.8626402672694,15.373314442270578,684.865433503467,340.19243860624624,63.15509338133265,934.6059412839651,245.04516853627942,79.31526508420468,443.2974267535577,357.1840414311055,594.8012012063637,137.07369398389775,1129.172845046688,1068.1272380074226,399.3520844805177,325.8518753525103,276.9838760430159,183.82365816103763,773.3391430730334
2024-09-04,992.7662317401066,471.25306608604706,15.191363515160399,672.7774257061754,333.95999604315256,63.44370394401567,937.7032861252441,243.2287772611532,79.78455755577795,440.896303304735,360.6616238192013,603.3298003833175,138.53259716947153,1139.0514645594458,1077.571227090678,397.96286965596386,325.1038032608621,277.5717985890469,182.9613560520856,777.569538133756
2024-09-05,977.7859642601971,464.94616582942405,14.86668337423536,666.868980633397,330.9229094964273,62.63785635612309,923.9606601078342,241.12180345243047,79.22259167024035,438.6927208272943,367.0950117754666,616.0895655258503,137.79895904590524,1151.8799207058917,1095.046624832335,399.17841397797804,329.0811245469927,280.39086363078434,181.82498242911612,781.8169600594476
2024-09-06,968.3429141082344,454.3018176568081,14.751436449958934,659.4444924015618,324.6141216415077,62.416772809578106,933.3753101486743,242.40304989601464,79.67417060433692,435.1584303337173,370.85214791887944,620.4491825852064,138.88956649568058,1158.6071665690827,1087.0420175489683,408.4062075631876,337.3247180530415,285.0562716361823,184.7270210109062,786.7854318992727
2024-09-09,987.6393125154679,463.72723416478345,15.161415063904615,659.8500741328946,330.83020828834424,61.69965421147889,922.0539393447792,239.32726492177343,80.06542402078485,431.62676776595396,366.50161090286036,605.7986763133177,138.06194966415376,1139.9240412136473,1083.0010059662036,406.56185477752973,334.68839912247626,282.87448467050365,181.5279827217775,781.9051624184823
2024-09-10,998.1169546297659,466.9887300711868,15.400245468058902,669.2246458911235,332.38315894002704,61.203507136850305,907.4964533065275,239.00252105004134,79.7423383466722,423.7803108448367,371.35189354778265,605.3545036952806,137.15700370330677,1165.0935751919512,1078.609072801439,417.1536020841405,338.68021898894824,285.61781921354446,184.71931482981503,809.2167320477645
2024-09-11,998.8118871679704,462.79238343916916,15.224892254653064,668.7984108291794,331.3112695258958,61.11064605989326,908.2742930755807,238.81462603085376,78.48397704035763,423.42020557325725,368.61803976237377,597.6514950947633,134.8096751002865,1149.701216697292,1058.43206703716,417.20679083771773,342.4669000442304,282.9141085040574,184.09492227345615,814.8032724300565
2024-09-12,1004.1718007050432,460.45411332101884,15.459748989148048,677.0270992360464,332.56575126116775,59.848409966821116,889.6492546113956,237.07793648018185,76.90041464786366,413.33894637051384,370.97236493644624,594.4500771114764,134.81211404803736,1157.382132189382,1055.7667056275977,414.8075029146975,344.3282579887796,285.77714741888167,187.4964274475895,818.9975346690921
2024-09-13,1006.5482751837661,459.45477417191404,15.518838292619497,674.8165819359228,335.07205395870733,61.55733887850013,911.6104842360012,244.490965137697,79.26550608520913,426.58280125794505,371.5006353155322,589.5313384169265,134.94598924913674,1152.560737424448,1057.152294312673,416.50138793594954,350.5669733044086,286.39955856138033,188.7178828119329,824.6975253178546
2024-09-16,1023.3937174281905,464.5618809274157,15.616656964405038,681.1635319584681,340.91472715477727,61.90257413968098,918.8413246258766,246.8124561745669,79.29573419392233,433.0655311634112,368.79255189546353,583.3387855316008,133.52853722529503,1136.3085341522008,1059.0930647890907,406.57186785023583,345.7683880325057,279.14822500320287,185.68667898345558,810.3334741482299
2024-09-17,1019.3586022267,464.7432505559585,15.495340710043038,682.2241260453002,341.6682191329365,60.974454644521536,908.1248453775595,247.24138466797018,78.3600737834509,432.43975340522474,372.69977494060515,588.3187551838361,134.14905277043695,1147.8331649157833,1064.5910190719187,416.85212853173255,356.146867528844,282.63411984865303,189.47045079517426,823.2104841156116
2024-09-18,1010.3075958325885,466.17365919518096,15.268443747592073,677.2598330658276,340.8610424297487,61.12276676745465,906.4092765100544,250.15706508853165,78.8966274960971,440.77803156062305,372.4073050254246,585.5003421651463,133.30579280035283,1139.8076822215062,1062.7319607689547,415.4307046831821,353.7861877347631,278.5042489709285,187.36402539714445,813.8141092091731
2024-09-19,1001.7948746530801,468.55585914545543,15.024594159773672,672.175892658079,337.7833333920212,59.41302403725783,893.8078731389093,245.74098859514365,77.71017331265996,434.2809928258513,374.07050978789835,591.5229316190004,133.24539975861993,1132.3787860994444,1057.4122720210578,419.275410238107,353.61366899994755,281.43612196793276,188.36439870999618,821.1935489699488
2024-09-20,1020.2220368221457,469.8929816773541,15.248575214657452,679.6412190479745,342.66437377996704,60.73607893384473,910.4008443862934,248.1946816023744,78.29945839584167,440.43512631275917,372.4846603201731,592.8857516027928,133.69209249555,1135.5900008851372,1062.2991831198729,428.31821017465603,362.7294679114004,288.1389199800192,192.56201142581108,834.4198280712307
2024-09-23,1021.3565349702614,466.8184841951547,15.215054691767842,692.22381647642,340.3901389811538,61.105126241739775,917.1652470625172,252.6405969896578,78.72559329286749,443.5125906488296,370.5582233587289,590.3637702976627,132.7911179277553,1132.5654379778337,1033.1733648234986,421.9832965740524,354.8009478098266,284.16225364793,191.42476943389318,811.1637822852931
2024-09-24,1042.4039553381424,464.8348848331512,15.273208842503227,695.279842306249,340.4135621256306,61.145575707134974,922.1152886107606,254.3771999599726,78.80226727688867,446.27822685548995,366.4347911921187,588.3836171707908,131.62524467400135,1129.552407775855,1035.9020223844188,435.087505841793,364.40853482154324,286.9536104522186,193.36144765388346,827.8692765186347
2024-09-25,1020.5211011548793,453.92172899490515,14.977910620798907,678.9695382865132,335.6456287971215,61.26769628028832,933.8552456411978,256.202681837636,79.14554899569823,444.3730796143056,361.52194186033074,571.7865645402898,128.50422281239813,1093.4717753905686,1012.481579209475,417.40225542806945,363.02558270282213,278.8356967477568,188.75305138251056,813.7123304395783
2024-09-26,1014.8953983668805,451.81849506197807,15.003976535245771,671.7251881068358,333.7118014352784,60.48227099457867,925.0321516242261,253.01925632905562,78.41657272754098,440.07385536896635,359.22064529793755,568.016005029398,129.6830262126142,1084.9845761998279,1005.7507939113682,419.7818172919644,360.5768508744055,281.03429791299686,189.92310677716867,806.5019591219792
2024-09-27,1016.8085090954721,449.4111456245075,14.85602481573956,676.123297491025,334.62091270494557,61.04963817663273,941.0198028461186,254.39308493421274,78.8846572428291,443.1951131392245,358.10707378793205,567.6159550940536,130.4287954512491,1095.314240108765,1010.3689592947238,419.6289896892863,370.3336315159053,283.64449776573764,191.31268298538274,813.8588381616851
2024-09-30,1044.17240161237,457.447891388533,15.119189267942948,678.8449699775866,343.95726639146056,61.178431484451075,943.538419997472,254.9072006263284,78.50274464272222,441.6145220382812,363.15482770393436,569.7419916153003,130.90955317425255,1094.072527020923,1009.9124532518563,433.9503361762538,386.61490256415715,291.3529784413066,198.173966062749,842.1814754348616
2024-10-01,1044.5994320484776,455.21155664573786,15.05755900034052,689.7407585765231,342.6182342271532,61.93866627596648,956.2630415872693,258.230445422125,78.08414789471259,442.5146549318153,355.3961872842116,570.4133294241709,128.58761379519598,1078.3080568121368,993.840568198792,426.688047768634,386.54256412308564,288.4258982742155,198.00800453916483,833.0665811137022
2024-10-02,1049.6023716225704,449.26296382527437,15.179218881687703,694.1573580318218,342.1567708145137,61.59858596386309,968.9035562283783,257.25270155132733,77.46438707814666,443.7984840262194,358.145245823266,567.8508797158911,130.0848765212065,1083.7042723374443,995.6699524753911,431.68292980484773,393.98298888304623,297.3710670039194,204.57479277976321,842.5504194981195
2024-10-03,1054.9743638681896,452.86047699179545,15.215893392535115,687.2033863751305,345.4609620098279,63.13659109841629,980.7889026777624,265.3811065260683,80.19361448460873,452.7977353845904,369.28327269703647,575.9559096203951,134.46005220396668,1113.261521245898,1018.9073830790962,436.90827750213134,396.5562981699917,294.9270146039553,204.09306636216505,850.1778577768044
2024-10-04,1071.0723806127792,457.8718353922941,15.212261747791072,689.9548566250545,350.84315099459695,63.437716751114635,975.7835569185484,264.2372754739781,79.21776333120243,450.11277888288896,370.90726851157507,577.8035883650074,135.20830753953896,1117.3316649092644,1021.5166354461154,434.27264992575,399.1928822664275,293.97938171092227,204.75582767297144,852.0316134459114
2024-10-07,1075.7451292707465,457.89877130926993,15.143821106133167,691.8013262109745,350.2765801521716,64.55841295976951,994.9251497344694,264.57148207661845,79.27751817923732,449.0447924425762,370.7276985271374,582.7113684608628,135.92498603820604,1118.2552694752826,1018.5500211702147,430.7699896902567,402.3330353241821,294.5133982387334,205.57954831811801,855.8811725882522
2024-10-08,1110.7129752013611,460.4923235792782,15.50602677113027,705.3557240175492,353.8378893917079,64.91453077077853,993.6656390168557,262.57948748693605,78.16935645119719,443.23969687083087,371.3554479639753,579.0373400432115,134.536826978972,1125.620949414406,1016.6281024648756,433.05577802185223,409.62255748204666,294.3322151308051,207.10426105308935,871.2243449975674
2024-10-09,1105.792337787533,454.78343928875313,15.475226328382607,709.7190823507774,348.13683532106637,64.63613625909049,985.5188861547155,262.3881747138064,77.41410504913422,432.6722852900716,376.14859929212787,593.862381108111,136.390634376143,1150.2174373341695,1021.4128610912067,436.956829324041,420.9182519860512,298.0568677774134,210.67925431624278,887.8221017312225
2024-10-10,1103.3275217199155,454.1758904059722,15.579757747781306,712.0001330670395,344.79092886894017,64.69926407167672,980.4106715653198,263.5867455684444,78.16709793037785,428.58206810068594,374.91218729470137,591.2600533675071,136.1064963731422,1152.323861010254,1006.8674398548541,435.6158419494509,415.000108467186,296.94504935348954,209.69913412531517,882.9827938962272
2024-10-11,1093.6733486440019,447.78557887435073,15.41888379582278,709.9121475286707,339.3464637783997,63.33589910726962,977.0057493872802,260.39323776630033,77.50355929258488,425.77992220222967,374.2932228970708,592.1911679194507,133.21111218207776,1136.741219873411,999.5633949399332,440.1617760957755,417.9962026465336,302.9243094230398,209.47540806763718,883.3518854005564
2024-10-14,1096.5849090633933,445.6411261318462,15.386339581753077,717.9971465648612,340.4592403623822,64.13159009179796,987.4523941414886,267.47477839580836,78.33636354358158,431.5320014871931,369.9351104634208,589.2189644987707,131.99211532810892,1128.30994312133,986.4605085883321,440.2426947489925,421.5441117293524,302.3802353949334,209.95048077445097,884.1142112276744
2024-10-15,1102.2908045854438,448.83666582639205,15.34398911225881,729.7465764026111,340.2002209478282,63.81131360928376,999.8577415175804,266.21998303520706,78.1162809398772,426.69226575606706,380.63416644379606,611.8637250092162,135.98257203005366,1168.089680478132,1013.6315175853877,439.1872794257937,423.3485794552368,303.5023062336299,210.3695025461486,883.1792343553692
2024-10-16,1127.7998299358146,454.2998144986077,15.641615691766876,747.456927052622,345.0108159834237,62.881277746403185,1001.3827055817217,267.2158909143633,77.91313283344401,431.60786048679176,374.1951278819981,595.4619275496011,131.9656512585957,1141.5986453378557,992.7493749574252,442.02264507238436,416.5063003222522,304.14149585179865,209.89193054493512,874.7767010976396
2024-10-17,1119.5421424159204,444.32849386362795,15.381299881878814,744.4381566044237,342.27838353889393,62.2958141252415,999.7083219899359,267.1391027353826,76.51025734278157,430.1778780290326,368.94449708805473,587.7273954290166,129.65102281899541,1119.9474773635204,977.6832248794051,437.15279481163077,420.3703197213795,303.1766619700336,209.09121294334435,860.5021358928419
2024-10-18,1138.8486116433126,448.01947803071454,15.251320738876585,740.9122623610657,346.96411127419907,63.298475500652685,1025.4534014809128,269.94330451126,77.20924636297364,436.3529253346693,374.6314014678962,593.6358778198942,133.26163721026194,1127.8262235211917,990.1842319879734,434.9145000412244,428.7618853203483,302.333107955855,211.58546287419568,868.6549599941354
2024-10-21,1116.0488656871928,440.36200817819804,15.046156739723664,738.5583975357893,338.1378899831482,62.5757793870566,1029.963675502725,269.84130542737034,77.97750332560871,438.1220281217989,372.4148586049923,591.1752673443335,131.88321653824764,1120.755626025491,989.1217715828876,425.78715336162696,417.22639823651684,299.7110348867712,206.2307274437358,857.9360526842257
2024-10-22,1119.1829291166766,446.8246101637914,15.156221403327068,736.0647948183757,341.06741190534365,62.919446591260595,1032.8885282516767,269.4358053319948,78.56503567770142,445.95926524398146,371.18293403225493,587.8761129085084,132.28343596120138,1115.6482504870405,994.2882017520852,429.4650699333753,413.00790933687097,300.49228698657885,207.19223706959514,855.0057672180208
2024-10-23,1120.1728657063773,446.8168333263885,15.18244048951111,732.2930446813623,342.32423169712905,62.61173165601387,1033.6710139350364,266.252798477767,78.24864591968006,445.1072667764938,365.5662005000625,579.8502929467148,129.97883296665023,1093.4339013940341,989.0627054337011,427.52300114972826,415.84806013518414,300.7717974211766,205.10285532441708,845.5422099415216
2024-10-24,1119.598199166587,444.5806024324016,15.142475119293927,726.9787928852278,340.57149609420793,62.263343756085426,1029.5572673429124,262.6924707355844,77.9865038104304,436.81579436799456,364.88825377598954,572.6883057807684,132.22916251658515,1101.3093794614736,986.9659863910151,421.1472166475307,416.7951772448061,300.30705787162697,204.18317414394795,842.0090232014423
2024-10-25,1125.360682365946,449.4354272613304,15.189773081324686,733.7609906721465,343.4009914692787,62.040921070695404,1019.8578450658082,260.08915770392474,77.45215994948475,439.5180058229699,359.84866178866895,568.4126577540122,130.76749166613152,1098.5828108374196,987.8836276081621,421.4430541679806,411.56922188806084,299.20750240432824,202.65862364639295,837.9241622458384
2024-10-28,1131.5611193091393,455.37240687358326,15.341750979631728,734.676419114848,346.1837747952374,61.88385063235299,1025.9639351779313,259.95995505462776,77.62236217657765,436.42019476373775,370.1874661013477,578.9002494886207,134.81889336559635,1123.3964220021523,1007.102218733837,419.4856861722096,407.6623225936698,297.1061670052302,204.48414875391822,833.9482737174214
2024-10-29,1141.6528848198918,461.4552709678191,15.409222801718123,725.2142578462353,354.26929688289795,61.390176282007786,1016.254371717242,257.3032176420853,76.84084167329569,436.14415961574196,370.0253075827858,570.8842429657057,137.30640623885208,1111.5105761209873,1003.6919670783606,420.51392178940944,405.4082250510104,299.6229833384884,207.60709966160582,828.8348466955434
2024-10-30,1121.6193347951194,453.9062266623408,15.207136897239572,717.886467841524,345.13489735671504,60.05643374905566,1009.1848519239611,252.707513101052,76.11848800940594,429.6692753807931,363.73366541023677,564.9426656049783,135.4862006802318,1104.749730133329,995.961008042853,425.5410708482118,406.83338955531246,302.4248109605672,208.29399872235632,839.8771483652278
2024-10-31,1124.7645503280844,455.81086617063625,15.309425687033825,712.7195505469869,346.2805539975643,60.61944178490886,1021.9743061016358,252.3253038137112,76.73005693103295,428.6335631869157,360.60960870647307,558.3313129621318,135.4120351615101,1091.1214618143003,984.6036399368511,425.0928375715092,411.5631373257974,303.70687515536986,210.43633651158635,850.8301097294661
2024-11-01,1119.7530343229023,454.9698686785059,15.185199049776852,703.0852796660766,346.7022958288011,60.496638089945314,1022.6081197186795,254.8574917713922,77.229665281104,437.00031852589996,355.53541783128145,554.2889068407856,135.18078215750688,1071.9186813935141,974.9728561888146,434.8760715275633,410.6820684033122,306.6094257571838,214.30806853509236,856.8188991521911
2024-11-04,1104.1716484826698,445.71231933027815,15.00800196372253,698.4689900636622,338.2063248696662,59.52283448703226,1008.4698364799098,245.1248280406818,74.78900610359894,423.0869129931635,353.85941969730555,561.6147882797795,136.78153919959817,1096.689920957848,984.8482462214756,433.88331361019783,402.14064503434093,303.94379960648195,213.62194620535183,847.888928576658
2024-11-05,1128.3272094406298,454.34504351250104,15.21714844474107,705.7073806620728,343.56179790470054,59.23072721879871,1012.0621156777121,247.51562707030862,74.97493318378268,423.93473373306466,357.69161243861174,562.4493782690616,140.76405621427722,1091.3797409301508,981.8473305012544,426.44105873737203,401.3067485131368,303.2899708177524,215.78350028922728,847.0690910739911
2024-11-06,1115.080417220219,453.3898625287775,15.036143182059593,709.5209212637649,343.09283514045455,57.93168550150382,987.701639308913,241.1754351733587,72.44795488560322,411.7626325804492,351.26703015422765,569.9175396928096,139.1998178479086,1083.255163684245,971.1304132701405,427.90069299407514,402.85612393817644,308.69025191443467,218.19066431938506,852.6348416170383
2024-11-07,1104.1242547079632,447.50190740501796,14.905500252223982,689.9637041190823,341.3872145418713,55.821180674693245,953.2148450384145,235.77563767677097,70.69545773000006,401.88741838938273,355.4874697359942,570.6924873773573,139.6508754149393,1083.5200431490612,983.4318936947216,433.0290171331055,399.60397498940995,308.2012978371798,218.06922557143886,849.1182792257292
2024-11-08,1079.796871441745,443.3745522208985,14.603226195845146,676.8391399257755,336.96543038514153,56.671624405853116,976.47719072085,239.47542109693543,71.80745567835946,406.3547229736841,360.2920702759881,572.8983921936252,139.46462724552924,1083.418660288943,986.8463107923295,433.7544934890206,405.04015156240195,308.4699910686591,219.0486616006474,857.8438213961957
2024-11-11,1083.4052211011979,443.36306315324873,14.856925206985226,678.666653941886,337.51806656123705,58.215624132480585,997.3349401833898,244.5208846573905,74.0242262521006,415.34997383221094,363.0135114765594,573.826399289177,140.8110851481253,1095.054563444347,997.4141501278373,439.8489157171337,406.156949742844,312.739990386818,220.81066791472966,868.8358057923681
2024-11-12,1071.452985792221,439.86380024234245,14.969344334357778,676.720501904597,335.1973030322072,58.058308026204266,994.52870678421,242.95934677672557,74.139815545803,415.06063103299084,363.18036406207307,575.7355682654425,140.53413919404096,1101.585385847274,1002.0959173531024,451.2676689897042,408.5180305002107,320.36625005546125,224.0640627454557,882.9350855433603
2024-11-13,1079.7321767352353,442.47709669815316,15.230697023950414,676.6408851128579,337.18807163855587,58.08134998846822,1006.222083100527,242.58859770002925,74.81259527363116,414.2628582141789,360.296585218976,575.754533460361,140.69541942184946,1080.9215854358818,993.3067293478798,454.4397749247819,411.80627477813715,327.56167884469346,227.8423588690122,892.8193419814181
2024-11-14,1074.9696731678162,440.0403820399101,15.1032488564596,674.0605143118169,337.52569600305594,58.158329629524815,1013.7388692359729,242.70199439707423,74.41828795496221,416.0770547058788,356.0812671668534,564.5002275330884,138.34910130622353,1066.0331302463524,979.3949727013305,453.36806203022314,414.9117674432779,327.39306769501616,229.09001046664255,888.6793598243788
2024-11-15,1067.8209162403377,435.93966218601776,15.032368426867894,663.8997169775055,337.07086682504246,56.94612183482525,995.6782056500533,241.15277740067052,73.99891591865085,414.0380139272565,355.0327768418127,550.4148807097054,137.25218817994661,1054.7290676810035,966.7998301567624,454.3497005020218,414.06030853754095,325.03111075613697,227.77105718610986,875.5643831822603
2024-11-18,1064.1405833991528,437.01617149108654,14.941913704272944,662.9855616533495,335.27591067521985,56.63841844532067,978.7217431228474,241.50946743518398,74.0509512941538,411.4984014649162,357.20891005447015,565.9073206624943,138.9539195469567,1060.7895895253216,975.6241179891257,452.9384306763349,410.1252613279968,324.27566860553594,225.70060651367277,869.3575056847006
2024-11-19,1066.420556003448,439.8675750903546,14.986010095184318,671.5869531720484,334.40898576796457,57.25688604309567,989.9789174698176,242.03363554050335,74.17950389121916,411.9485161524547,352.58348369146086,559.5854759346857,136.8201106120368,1048.293485512054,953.4419937562126,449.86061018288257,411.5382910898742,321.94978350204383,222.899081693415,865.3015313954563
2024-11-20,1077.7911947071352,439.05517413066195,15.298420419703044,680.097061648812,338.8505239443844,57.72045905892233,1005.1542557415357,247.31101676400635,75.11686320221759,423.97701254319276,345.1950628337702,548.3975049123511,136.05907900751978,1034.0542110907477,951.7078162242788,456.4746343357223,411.12063877491374,325.40523498341537,226.10226680093473,869.5454952264581
2024-11-21,1024.9675948929591,417.6343945291878,14.783973075667392,648.1447773038172,323.32836465626116,57.58749131326985,1012.9437206933185,246.96528445254708,74.8523549494834,418.2889155966591,346.92054521408255,541.7280878894671,137.28907013350963,1019.7329406936773,926.27729330236,452.33334581449043,411.0253390144735,327.2997779175279,230.22774795715537,864.8723993890197
2024-11-22,1007.9893748066535,411.4771151455971,14.478377021715655,641.8542603847362,318.9835450173322,57.889371642223686,1004.9821215023885,248.2725431668748,74.57056946496773,412.87293190069744,350.89141727249716,548.7672054593849,138.76355077464603,1039.253438699777,922.1675360140441,454.62646735479905,416.48022863578944,327.32923642283083,232.45271694786362,873.0979912329991
2024-11-25,1012.1458228080439,413.86812524136263,14.484069062108047,648.7224508426588,323.08466030766294,56.93393011244536,999.3601675049573,245.56743276147935,72.98139888383575,408.2109025321135,352.1710776806831,550.4916814921179,138.6930771681792,1030.46712741429,923.6045130562264,441.16548369031716,412.66568778205055,325.7524643970345,231.15833120098625,856.5485669792414
2024-11-26,1007.3918647603113,414.731374185468,14.406267301026638,646.5894220599054,322.082137422712,57.35175119352018,1006.781277610983,246.92727296403964,73.2736462683786,410.23618449176695,353.0468218236109,556.0447653729192,139.0715881721611,1030.0374206567642,929.1592191139156,441.4327613564922,415.3196178553862,327.4444087386794,233.3679510291109,870.5860628064679
2024-11-27,1008.410478189316,410.6640464601248,14.330997080695287,632.4553125490118,321.88224671774276,57.351779651386735,1003.3339102724366,245.0673519263118,72.61813415242462,405.9870689338115,345.6968061016003,543.8228706005448,137.33921919876346,995.6900516036402,905.172846281854,435.63722723279807,414.0890377480249,323.35466507147356,231.84739899296704,859.1392355377341
2024-11-28,1015.6183614593685,416.66510870597017,14.463919106015567,639.2942823803495,327.7050015436985,58.29608921007275,1008.93369846233,248.89565563413805,73.44732178185929,411.30781672617485,351.16860124659837,553.1853285465847,138.31784715327888,1006.9975397426957,908.3246605315653,449.6226044104577,423.4880731373093,334.3699441922823,238.2107592859017,880.2940481046387
2024-11-29,1031.7687482699946,422.47649806279753,14.683513674654991,644.6996659632075,331.6071019588088,58.3667074285669,1014.7642515651161,245.49162860816872,72.96447237168991,412.6008543849774,348.5464848588451,543.9389032320395,135.5934938735981,1003.2408403331208,909.2356326173934,456.0935940966539,428.4192950931453,334.02908476043274,238.39242035386673,890.6633313542037
2024-12-02,1023.8961795099066,426.15573706966677,14.636131731474055,647.9046445141681,331.6343255681655,58.704775298109475,1025.7103103969125,248.28201369795525,74.13351221504045,418.24390361294854,342.70003196862183,535.578940946889,133.6897714208437,988.8843253407883,898.9248248547211,454.8382446608021,431.2995175168477,334.35300980958664,236.29413611092346,897.8931138646279
2024-12-03,1030.144150545215,430.5785824809648,14.602588064381244,640.0380837108107,333.08104263083715,58.598771956236796,1008.5348981406033,243.6935039372869,72.551320078272,412.7565833907568,342.18399180217995,538.9436881096133,135.6750621730008,990.1581022888147,899.0957035563059,464.12044282722394,442.0478246846202,337.4046786842848,242.11826675955214,918.7447638679382
2024-12-04,999.2230638745842,421.67283594299334,14.345334847131605,625.9454463216148,324.58804186250524,59.070069215615554,1008.0281057757327,240.73133541335474,72.68904903011605,411.3772921338284,343.9787359863812,546.5137793177263,135.8857488056422,1002.0929713672836,914.1142406314391,455.17182419607764,427.1613982162187,331.10479097945006,237.25067122146064,905.708935782027
2024-12-05,1004.8590088259109,425.2795977684388,14.293645765638663,632.7277856226176,331.8627126357831,58.60472870499078,1007.8355860096842,244.16420001038588,72.52265806902143,415.92088733346804,341.066940040925,538.3592223427986,133.79655119709147,983.1945818048466,899.160056917817,453.9531292257694,432.2396922305971,333.6026191398761,239.57325681921446,902.7822644128713
2024-12-06,1023.0120460046461,431.6893562281207,14.545738654242351,633.3851811251885,334.01547200618,58.64744458455089,1013.1630998430197,242.23950943669138,72.24061306212757,409.2268591417011,342.8455251852863,543.1449981992955,135.72772420139066,982.8721350963601,899.792958001153,453.449574883162,427.0947073576319,329.69983613698804,239.35404655162253,908.207048239924
2024-12-09,995.4888529485104,429.2369227373518,14.455671967105495,620.0412620635268,331.14423145435006,58.095338820462054,1000.7233733793763,243.64621308509376,73.24166915862388,409.2078393618338,346.9919039450814,539.5054519025497,135.5462350616495,978.3099809436952,893.9768427167807,453.1052755121577,426.9751655823773,326.7310941917865,236.26341471301612,896.0321466756869
2024-12-10,990.846945638599,431.50041129923676,14.385035299818979,622.9841610971259,330.48292615167765,58.59537640415406,1021.1374665788358,242.96749709604572,73.50849511169768,410.28385542686686,346.8939838831693,547.6128373825783,135.41348564154887,975.408314543229,894.9055097245831,450.4209573603055,432.4904228054194,332.07383683342226,241.33968884809147,911.7620848400309
2024-12-11,1020.4464160657825,436.5802438570468,14.7478816038334,626.2490078659172,333.45736795108115,59.48630986927707,1041.5241104042655,246.19706480989757,75.51890206099746,417.98762245765107,353.277681402239,552.0501254945974,136.47003495696532,977.973374499504,902.6310505128158,457.43460082354244,432.98161556028697,332.3936984122014,240.6756723803584,911.2363354088902
2024-12-12,1018.3036016322635,430.0405905120289,15.027331369957128,627.8686694934808,331.4713776889032,58.75048696515199,1026.4236146566564,243.53044181074964,74.14047235482003,409.16352552413423,345.1363491093124,538.7339400042508,133.40404747620414,961.6373920900741,885.555617041158,455.9702890185124,427.03092590981703,331.1644268825665,240.35294987854778,898.6097447185441
2024-12-13,1013.6171035191245,423.4204600946833,14.958839718294069,628.9698051050545,330.08430201858994,58.07252839363096,1021.6696931725071,243.78680091592577,73.223806178705,404.78619035873885,344.9517071595099,530.4635430118184,133.1477856057902,962.1988374322862,874.4792875690921,448.0565781323763,421.30748829435817,324.97809400781557,237.8809499055426,871.1218173386134
2024-12-16,1014.8997900898519,420.6934061263651,14.965128456400864,624.6050204856381,328.2573219848183,57.95030961160201,1006.5169146579283,244.43830852036265,73.46172845407004,405.7804612094019,348.6021551594536,533.8318397513015,134.55723208730552,979.9320626050722,891.2149641195807,453.14695185680097,420.39530525781055,321.3992072932626,235.00245175843972,868.6120359572998
2024-12-17,991.0942601387015,408.89018221642255,14.815018127034728,614.0690134888168,320.57995055074844,58.939475868141656,1001.58913803451,246.6977800856268,74.0126853495621,408.62774930242057,350.03384207725816,533.8767259780709,132.74122588475154,989.2399922545701,897.5372014999568,459.26725958743987,424.3541479373438,321.0564783720846,232.46997325391206,874.682076291176
2024-12-18,991.8336731007531,406.94627378299987,14.746700257989689,616.2744956168478,319.80562564004396,57.717525785962266,977.3423863835396,239.9811439342008,72.22815892524575,401.0413018049088,346.8316047548193,528.1134645635949,130.30507516090796,990.6748117150574,891.0157586162558,458.69813168214966,421.6137792317423,319.9474704580094,230.48397390802822,873.3983337325188
